{
 "RawResults": [
  [
   {
    "TxLatencies": [
     412,
     1188,
     2430,
     1029,
     253,
     290,
     784,
     253,
     373,
     342,
     1962,
     1604,
     290,
     2615,
     417,
     5640,
     287,
     2253,
     279,
     616,
     189,
     5941,
     405,
     204,
     341,
     225,
     253,
     254,
     615,
     229,
     225,
     211,
     7739,
     188,
     257,
     1185,
     2616,
     204,
     211,
     254,
     615,
     341,
     279,
     342,
     3004,
     211,
     341,
     290,
     5453,
     529,
     313,
     842,
     412,
     1207,
     255,
     290,
     373,
     2843,
     325,
     1671,
     405,
     225,
     615,
     313
    ],
    "AverageLatency": 1039.953125,
    "MedianLatency": 0,
    "Throughput": 1.6842105263157894,
    "ThroughputSeconds": [
     0,
     0,
     0,
     0,
     0,
     0,
     6,
     2,
     2,
     1,
     4,
     0,
     2,
     6,
     3,
     3,
     3,
     1,
     2,
     3,
     3,
     4,
     2,
     5,
     2,
     2,
     3,
     1,
     1,
     0,
     1,
     1,
     0,
     0,
     0,
     1,
     0,
     0
    ],
    "Success": 64,
    "Fail": 186
   }
  ],
  [
   {
    "TxLatencies": [
     2528,
     242,
     262,
     240,
     318,
     2685,
     367,
     262,
     183,
     240,
     2396,
     1202,
     1609,
     321,
     961,
     1831,
     327,
     961,
     230,
     1165,
     4998,
     232,
     266,
     255,
     5284,
     1587,
     230,
     183,
     200,
     938,
     230,
     5188,
     397,
     327,
     230,
     232,
     328,
     336,
     2549,
     415,
     356,
     321,
     3046,
     324,
     984,
     1275,
     240,
     4412,
     230,
     2510,
     367,
     2356,
     4865,
     240,
     202,
     1260,
     1265,
     397,
     2231,
     232,
     5606,
     609,
     609,
     4985,
     1159,
     327,
     262,
     356,
     240,
     1159,
     2609,
     183,
     256,
     201,
     232,
     4366,
     2655,
     183,
     1140,
     2377,
     324,
     195,
     189,
     4469,
     2609,
     200,
     242,
     2328,
     1609,
     216,
     342,
     1609,
     954
    ],
    "AverageLatency": 1232.774193548387,
    "MedianLatency": 0,
    "Throughput": 2.4473684210526314,
    "ThroughputSeconds": [
     0,
     0,
     0,
     0,
     0,
     0,
     7,
     1,
     0,
     7,
     2,
     4,
     3,
     4,
     5,
     2,
     4,
     3,
     5,
     5,
     3,
     4,
     5,
     5,
     3,
     2,
     6,
     4,
     6,
     2,
     0,
     0,
     0,
     1,
     0,
     0,
     0,
     0
    ],
    "Success": 93,
    "Fail": 157
   }
  ]
 ],
 "SecondaryResults": [
  {
   "TxLatencies": [
    188,
    189,
    204,
    204,
    211,
    211,
    211,
    225,
    225,
    225,
    229,
    253,
    253,
    253,
    254,
    254,
    255,
    257,
    279,
    279,
    287,
    290,
    290,
    290,
    290,
    313,
    313,
    325,
    341,
    341,
    341,
    342,
    342,
    373,
    373,
    405,
    405,
    412,
    412,
    417,
    529,
    615,
    615,
    615,
    616,
    784,
    842,
    1029,
    1185,
    1188,
    1207,
    1604,
    1671,
    1962,
    2253,
    2430,
    2615,
    2616,
    2843,
    3004,
    5453,
    5640,
    5941,
    7739
   ],
   "AverageLatency": 1039.953125,
   "MedianLatency": 342,
   "Throughput": 1.6842105263157894,
   "ThroughputSeconds": [
    0,
    0,
    0,
    0,
    0,
    0,
    6,
    2,
    2,
    1,
    4,
    0,
    2,
    6,
    3,
    3,
    3,
    1,
    2,
    3,
    3,
    4,
    2,
    5,
    2,
    2,
    3,
    1,
    1,
    0,
    1,
    1,
    0,
    0,
    0,
    1,
    0,
    0
   ],
   "Success": 64,
   "Fail": 186
  },
  {
   "TxLatencies": [
    183,
    183,
    183,
    183,
    189,
    195,
    200,
    200,
    201,
    202,
    216,
    230,
    230,
    230,
    230,
    230,
    232,
    232,
    232,
    232,
    240,
    240,
    240,
    240,
    240,
    242,
    242,
    255,
    256,
    262,
    262,
    262,
    266,
    318,
    321,
    321,
    324,
    324,
    327,
    327,
    327,
    328,
    336,
    342,
    356,
    356,
    367,
    367,
    397,
    397,
    415,
    609,
    609,
    938,
    954,
    961,
    961,
    984,
    1140,
    1159,
    1159,
    1165,
    1202,
    1260,
    1265,
    1275,
    1587,
    1609,
    1609,
    1609,
    1831,
    2231,
    2328,
    2356,
    2377,
    2396,
    2510,
    2528,
    2549,
    2609,
    2609,
    2655,
    2685,
    3046,
    4366,
    4412,
    4469,
    4865,
    4985,
    4998,
    5188,
    5284,
    5606
   ],
   "AverageLatency": 1232.774193548387,
   "MedianLatency": 367,
   "Throughput": 2.4473684210526314,
   "ThroughputSeconds": [
    0,
    0,
    0,
    0,
    0,
    0,
    7,
    1,
    0,
    7,
    2,
    4,
    3,
    4,
    5,
    2,
    4,
    3,
    5,
    5,
    3,
    4,
    5,
    5,
    3,
    2,
    6,
    4,
    6,
    2,
    0,
    0,
    0,
    1,
    0,
    0,
    0,
    0
   ],
   "Success": 93,
   "Fail": 157
  }
 ],
 "MinLatency": 183,
 "AverageLatency": 1136.3636592741937,
 "MaxLatency": 7739,
 "MedianLatency": 1136.3636592741937,
 "AllTxLatencies": [
  412,
  1188,
  2430,
  1029,
  253,
  290,
  784,
  253,
  373,
  342,
  1962,
  1604,
  290,
  2615,
  417,
  5640,
  287,
  2253,
  279,
  616,
  189,
  5941,
  405,
  204,
  341,
  225,
  253,
  254,
  615,
  229,
  225,
  211,
  7739,
  188,
  257,
  1185,
  2616,
  204,
  211,
  254,
  615,
  341,
  279,
  342,
  3004,
  211,
  341,
  290,
  5453,
  529,
  313,
  842,
  412,
  1207,
  255,
  290,
  373,
  2843,
  325,
  1671,
  405,
  225,
  615,
  313,
  2528,
  242,
  262,
  240,
  318,
  2685,
  367,
  262,
  183,
  240,
  2396,
  1202,
  1609,
  321,
  961,
  1831,
  327,
  961,
  230,
  1165,
  4998,
  232,
  266,
  255,
  5284,
  1587,
  230,
  183,
  200,
  938,
  230,
  5188,
  397,
  327,
  230,
  232,
  328,
  336,
  2549,
  415,
  356,
  321,
  3046,
  324,
  984,
  1275,
  240,
  4412,
  230,
  2510,
  367,
  2356,
  4865,
  240,
  202,
  1260,
  1265,
  397,
  2231,
  232,
  5606,
  609,
  609,
  4985,
  1159,
  327,
  262,
  356,
  240,
  1159,
  2609,
  183,
  256,
  201,
  232,
  4366,
  2655,
  183,
  1140,
  2377,
  324,
  195,
  189,
  4469,
  2609,
  200,
  242,
  2328,
  1609,
  216,
  342,
  1609,
  954
 ],
 "TotalThroughputOverTime": [
  0,
  0,
  0,
  0,
  0,
  0,
  13,
  3,
  2,
  8,
  6,
  4,
  5,
  10,
  8,
  5,
  7,
  4,
  7,
  8,
  6,
  8,
  7,
  10,
  5,
  4,
  9,
  5,
  7,
  2,
  1,
  1,
  0,
  1,
  0,
  1,
  0,
  0
 ],
 "AverageThroughputSecondaries": [
  1.6842105263157894,
  2.4473684210526314
 ],
 "TotalThrouhgputPerSecondaryPerWindow": [
  [
   0,
   0,
   0,
   0,
   0,
   0,
   6,
   2,
   2,
   1,
   4,
   0,
   2,
   6,
   3,
   3,
   3,
   1,
   2,
   3,
   3,
   4,
   2,
   5,
   2,
   2,
   3,
   1,
   1,
   0,
   1,
   1,
   0,
   0,
   0,
   1,
   0,
   0
  ],
  [
   0,
   0,
   0,
   0,
   0,
   0,
   7,
   1,
   0,
   7,
   2,
   4,
   3,
   4,
   5,
   2,
   4,
   3,
   5,
   5,
   3,
   4,
   5,
   5,
   3,
   2,
   6,
   4,
   6,
   2,
   0,
   0,
   0,
   1,
   0,
   0,
   0,
   0
  ]
 ],
 "MaximumThroughput": 13,
 "MinimumThroughput": 0,
 "AverageThroughput": 4.131578947368421,
 "TotalSuccess": 157,
 "TotalFails": 343
}