{
 "RawResults": [
  [
   {
    "TxLatencies": [
     2421,
     190,
     247,
     322,
     759,
     425,
     4529,
     292,
     255,
     1175,
     2458,
     2409,
     292,
     1176,
     345,
     264,
     2190,
     247,
     457,
     1154,
     5292,
     759,
     425,
     318,
     2190,
     198,
     196,
     369,
     344,
     2495,
     363,
     298,
     425,
     2576,
     234,
     2346,
     4776,
     204,
     990,
     190,
     196,
     5247,
     408,
     330,
     4886,
     325,
     1031,
     2593,
     5435,
     283,
     408,
     4446,
     4989,
     6419,
     363,
     196,
     947,
     190,
     234,
     325,
     256,
     4882,
     283,
     199,
     457,
     325,
     322,
     1850,
     204,
     178,
     1225,
     204,
     4739,
     369,
     4448,
     190
    ],
    "AverageLatency": 1394.4342105263158,
    "MedianLatency": 0,
    "Throughput": 2.054054054054054,
    "ThroughputSeconds": [
     0,
     0,
     0,
     0,
     0,
     0,
     6,
     2,
     1,
     3,
     5,
     1,
     2,
     6,
     3,
     3,
     3,
     2,
     2,
     4,
     4,
     4,
     3,
     6,
     4,
     1,
     3,
     3,
     1,
     1,
     2,
     0,
     1,
     0,
     0,
     0,
     0
    ],
    "Success": 76,
    "Fail": 174
   }
  ],
  [
   {
    "TxLatencies": [
     294,
     425,
     308,
     292,
     322,
     2190,
     345,
     575,
     154,
     2123,
     195,
     315,
     346,
     325,
     344,
     965,
     264,
     190,
     3142,
     473,
     342,
     153,
     441,
     4692,
     762,
     2594,
     1101,
     190,
     260,
     2185,
     233,
     2190,
     1175,
     1175,
     1190,
     245,
     241,
     264,
     1211,
     1098,
     1190,
     5205,
     365,
     2424,
     198,
     458,
     6706,
     275,
     2470,
     408,
     1278,
     460,
     256,
     345,
     762,
     364,
     4460,
     362,
     425,
     1245,
     1190,
     1178,
     241,
     2336,
     440,
     203,
     256,
     425,
     362,
     233,
     425,
     344,
     315,
     256,
     5260,
     5041,
     203,
     2951,
     408,
     322,
     346
    ],
    "AverageLatency": 1082.962962962963,
    "MedianLatency": 0,
    "Throughput": 2.189189189189189,
    "ThroughputSeconds": [
     0,
     0,
     0,
     0,
     0,
     0,
     7,
     1,
     1,
     5,
     1,
     1,
     3,
     4,
     5,
     3,
     4,
     3,
     4,
     6,
     3,
     3,
     3,
     4,
     2,
     3,
     5,
     2,
     6,
     1,
     0,
     0,
     0,
     0,
     1,
     0,
     0
    ],
    "Success": 81,
    "Fail": 169
   }
  ]
 ],
 "SecondaryResults": [
  {
   "TxLatencies": [
    178,
    190,
    190,
    190,
    190,
    196,
    196,
    196,
    198,
    199,
    204,
    204,
    204,
    234,
    234,
    247,
    247,
    255,
    256,
    264,
    283,
    283,
    292,
    292,
    298,
    318,
    322,
    322,
    325,
    325,
    325,
    330,
    344,
    345,
    363,
    363,
    369,
    369,
    408,
    408,
    425,
    425,
    425,
    457,
    457,
    759,
    759,
    947,
    990,
    1031,
    1154,
    1175,
    1176,
    1225,
    1850,
    2190,
    2190,
    2346,
    2409,
    2421,
    2458,
    2495,
    2576,
    2593,
    4446,
    4448,
    4529,
    4739,
    4776,
    4882,
    4886,
    4989,
    5247,
    5292,
    5435,
    6419
   ],
   "AverageLatency": 1394.4342105263158,
   "MedianLatency": 388.5,
   "Throughput": 2.054054054054054,
   "ThroughputSeconds": [
    0,
    0,
    0,
    0,
    0,
    0,
    6,
    2,
    1,
    3,
    5,
    1,
    2,
    6,
    3,
    3,
    3,
    2,
    2,
    4,
    4,
    4,
    3,
    6,
    4,
    1,
    3,
    3,
    1,
    1,
    2,
    0,
    1,
    0,
    0,
    0,
    0
   ],
   "Success": 76,
   "Fail": 174
  },
  {
   "TxLatencies": [
    153,
    154,
    190,
    190,
    195,
    198,
    203,
    203,
    233,
    233,
    241,
    241,
    245,
    256,
    256,
    256,
    260,
    264,
    264,
    275,
    292,
    294,
    308,
    315,
    315,
    322,
    322,
    325,
    342,
    344,
    344,
    345,
    345,
    346,
    346,
    362,
    362,
    364,
    365,
    408,
    408,
    425,
    425,
    425,
    425,
    440,
    441,
    458,
    460,
    473,
    575,
    762,
    762,
    965,
    1098,
    1101,
    1175,
    1175,
    1178,
    1190,
    1190,
    1190,
    1211,
    1245,
    1278,
    2123,
    2185,
    2190,
    2190,
    2336,
    2424,
    2470,
    2594,
    2951,
    3142,
    4460,
    4692,
    5041,
    5205,
    5260,
    6706
   ],
   "AverageLatency": 1082.962962962963,
   "MedianLatency": 408,
   "Throughput": 2.189189189189189,
   "ThroughputSeconds": [
    0,
    0,
    0,
    0,
    0,
    0,
    7,
    1,
    1,
    5,
    1,
    1,
    3,
    4,
    5,
    3,
    4,
    3,
    4,
    6,
    3,
    3,
    3,
    4,
    2,
    3,
    5,
    2,
    6,
    1,
    0,
    0,
    0,
    0,
    1,
    0,
    0
   ],
   "Success": 81,
   "Fail": 169
  }
 ],
 "MinLatency": 153,
 "AverageLatency": 1238.6985867446394,
 "MaxLatency": 6706,
 "MedianLatency": 1238.6985867446394,
 "AllTxLatencies": [
  2421,
  190,
  247,
  322,
  759,
  425,
  4529,
  292,
  255,
  1175,
  2458,
  2409,
  292,
  1176,
  345,
  264,
  2190,
  247,
  457,
  1154,
  5292,
  759,
  425,
  318,
  2190,
  198,
  196,
  369,
  344,
  2495,
  363,
  298,
  425,
  2576,
  234,
  2346,
  4776,
  204,
  990,
  190,
  196,
  5247,
  408,
  330,
  4886,
  325,
  1031,
  2593,
  5435,
  283,
  408,
  4446,
  4989,
  6419,
  363,
  196,
  947,
  190,
  234,
  325,
  256,
  4882,
  283,
  199,
  457,
  325,
  322,
  1850,
  204,
  178,
  1225,
  204,
  4739,
  369,
  4448,
  190,
  294,
  425,
  308,
  292,
  322,
  2190,
  345,
  575,
  154,
  2123,
  195,
  315,
  346,
  325,
  344,
  965,
  264,
  190,
  3142,
  473,
  342,
  153,
  441,
  4692,
  762,
  2594,
  1101,
  190,
  260,
  2185,
  233,
  2190,
  1175,
  1175,
  1190,
  245,
  241,
  264,
  1211,
  1098,
  1190,
  5205,
  365,
  2424,
  198,
  458,
  6706,
  275,
  2470,
  408,
  1278,
  460,
  256,
  345,
  762,
  364,
  4460,
  362,
  425,
  1245,
  1190,
  1178,
  241,
  2336,
  440,
  203,
  256,
  425,
  362,
  233,
  425,
  344,
  315,
  256,
  5260,
  5041,
  203,
  2951,
  408,
  322,
  346
 ],
 "TotalThroughputOverTime": [
  0,
  0,
  0,
  0,
  0,
  0,
  13,
  3,
  2,
  8,
  6,
  2,
  5,
  10,
  8,
  6,
  7,
  5,
  6,
  10,
  7,
  7,
  6,
  10,
  6,
  4,
  8,
  5,
  7,
  2,
  2,
  0,
  1,
  0,
  1,
  0,
  0
 ],
 "AverageThroughputSecondaries": [
  2.054054054054054,
  2.189189189189189
 ],
 "TotalThrouhgputPerSecondaryPerWindow": [
  [
   0,
   0,
   0,
   0,
   0,
   0,
   6,
   2,
   1,
   3,
   5,
   1,
   2,
   6,
   3,
   3,
   3,
   2,
   2,
   4,
   4,
   4,
   3,
   6,
   4,
   1,
   3,
   3,
   1,
   1,
   2,
   0,
   1,
   0,
   0,
   0,
   0
  ],
  [
   0,
   0,
   0,
   0,
   0,
   0,
   7,
   1,
   1,
   5,
   1,
   1,
   3,
   4,
   5,
   3,
   4,
   3,
   4,
   6,
   3,
   3,
   3,
   4,
   2,
   3,
   5,
   2,
   6,
   1,
   0,
   0,
   0,
   0,
   1,
   0,
   0
  ]
 ],
 "MaximumThroughput": 13,
 "MinimumThroughput": 0,
 "AverageThroughput": 4.243243243243243,
 "TotalSuccess": 157,
 "TotalFails": 343
}