{
 "RawResults": [
  [
   {
    "TxLatencies": [
     281,
     189,
     206,
     1171,
     2185,
     182,
     3185,
     2241,
     170,
     1896,
     952,
     313,
     1075,
     1224,
     5391,
     189,
     190,
     4501,
     224,
     2859,
     5194,
     390,
     182,
     1081,
     178,
     4405,
     1044,
     4850,
     182,
     958,
     2180,
     1824,
     237,
     854,
     253,
     2896,
     193,
     808,
     261,
     298,
     808,
     189,
     2247,
     3410,
     264,
     182,
     237,
     424,
     808,
     313,
     1134,
     980,
     4907,
     4569,
     415,
     287,
     253,
     261,
     180,
     180,
     2471,
     924,
     415,
     6412,
     180,
     471,
     238,
     1197,
     1067,
     2425,
     2180,
     601,
     1048,
     313,
     220,
     1134,
     220,
     264
    ],
    "AverageLatency": 1291.2820512820513,
    "MedianLatency": 0,
    "Throughput": 2.0526315789473686,
    "ThroughputSeconds": [
     0,
     0,
     0,
     0,
     0,
     0,
     6,
     1,
     4,
     2,
     1,
     4,
     4,
     5,
     3,
     5,
     3,
     2,
     4,
     4,
     3,
     3,
     3,
     6,
     3,
     1,
     4,
     3,
     0,
     1,
     1,
     1,
     0,
     1,
     0,
     0,
     0,
     0
    ],
    "Success": 78,
    "Fail": 172
   }
  ],
  [
   {
    "TxLatencies": [
     234,
     1192,
     195,
     284,
     234,
     206,
     251,
     7517,
     2857,
     191,
     234,
     340,
     271,
     220,
     347,
     305,
     2891,
     2796,
     187,
     294,
     497,
     306,
     305,
     814,
     272,
     291,
     2523,
     251,
     192,
     1187,
     2419,
     960,
     1474,
     1192,
     220,
     220,
     179,
     340,
     497,
     234,
     305,
     2611,
     271,
     306,
     254,
     980,
     4407,
     251,
     220,
     2980,
     1188,
     1823,
     262,
     980,
     2408,
     347,
     226,
     305,
     225,
     187,
     195,
     195,
     254,
     5287,
     234,
     284,
     206,
     206,
     294,
     195,
     277,
     284,
     234,
     1192,
     2191,
     2676,
     2191,
     225
    ],
    "AverageLatency": 930.4487179487179,
    "MedianLatency": 0,
    "Throughput": 2.0526315789473686,
    "ThroughputSeconds": [
     0,
     0,
     0,
     0,
     0,
     0,
     7,
     2,
     1,
     3,
     1,
     2,
     1,
     5,
     5,
     1,
     4,
     3,
     2,
     5,
     3,
     4,
     4,
     4,
     2,
     4,
     4,
     2,
     7,
     1,
     0,
     0,
     0,
     0,
     0,
     1,
     0,
     0
    ],
    "Success": 78,
    "Fail": 172
   }
  ]
 ],
 "SecondaryResults": [
  {
   "TxLatencies": [
    170,
    178,
    180,
    180,
    180,
    182,
    182,
    182,
    182,
    189,
    189,
    189,
    190,
    193,
    206,
    220,
    220,
    224,
    237,
    237,
    238,
    253,
    253,
    261,
    261,
    264,
    264,
    281,
    287,
    298,
    313,
    313,
    313,
    390,
    415,
    415,
    424,
    471,
    601,
    808,
    808,
    808,
    854,
    924,
    952,
    958,
    980,
    1044,
    1048,
    1067,
    1075,
    1081,
    1134,
    1134,
    1171,
    1197,
    1224,
    1824,
    1896,
    2180,
    2180,
    2185,
    2241,
    2247,
    2425,
    2471,
    2859,
    2896,
    3185,
    3410,
    4405,
    4501,
    4569,
    4850,
    4907,
    5194,
    5391,
    6412
   ],
   "AverageLatency": 1291.2820512820513,
   "MedianLatency": 704.5,
   "Throughput": 2.0526315789473686,
   "ThroughputSeconds": [
    0,
    0,
    0,
    0,
    0,
    0,
    6,
    1,
    4,
    2,
    1,
    4,
    4,
    5,
    3,
    5,
    3,
    2,
    4,
    4,
    3,
    3,
    3,
    6,
    3,
    1,
    4,
    3,
    0,
    1,
    1,
    1,
    0,
    1,
    0,
    0,
    0,
    0
   ],
   "Success": 78,
   "Fail": 172
  },
  {
   "TxLatencies": [
    179,
    187,
    187,
    191,
    192,
    195,
    195,
    195,
    195,
    206,
    206,
    206,
    220,
    220,
    220,
    220,
    225,
    225,
    226,
    234,
    234,
    234,
    234,
    234,
    234,
    251,
    251,
    251,
    254,
    254,
    262,
    271,
    271,
    272,
    277,
    284,
    284,
    284,
    291,
    294,
    294,
    305,
    305,
    305,
    305,
    306,
    306,
    340,
    340,
    347,
    347,
    497,
    497,
    814,
    960,
    980,
    980,
    1187,
    1188,
    1192,
    1192,
    1192,
    1474,
    1823,
    2191,
    2191,
    2408,
    2419,
    2523,
    2611,
    2676,
    2796,
    2857,
    2891,
    2980,
    4407,
    5287,
    7517
   ],
   "AverageLatency": 930.4487179487179,
   "MedianLatency": 292.5,
   "Throughput": 2.0526315789473686,
   "ThroughputSeconds": [
    0,
    0,
    0,
    0,
    0,
    0,
    7,
    2,
    1,
    3,
    1,
    2,
    1,
    5,
    5,
    1,
    4,
    3,
    2,
    5,
    3,
    4,
    4,
    4,
    2,
    4,
    4,
    2,
    7,
    1,
    0,
    0,
    0,
    0,
    0,
    1,
    0,
    0
   ],
   "Success": 78,
   "Fail": 172
  }
 ],
 "MinLatency": 170,
 "AverageLatency": 1110.8653846153845,
 "MaxLatency": 7517,
 "MedianLatency": 1110.8653846153845,
 "AllTxLatencies": [
  281,
  189,
  206,
  1171,
  2185,
  182,
  3185,
  2241,
  170,
  1896,
  952,
  313,
  1075,
  1224,
  5391,
  189,
  190,
  4501,
  224,
  2859,
  5194,
  390,
  182,
  1081,
  178,
  4405,
  1044,
  4850,
  182,
  958,
  2180,
  1824,
  237,
  854,
  253,
  2896,
  193,
  808,
  261,
  298,
  808,
  189,
  2247,
  3410,
  264,
  182,
  237,
  424,
  808,
  313,
  1134,
  980,
  4907,
  4569,
  415,
  287,
  253,
  261,
  180,
  180,
  2471,
  924,
  415,
  6412,
  180,
  471,
  238,
  1197,
  1067,
  2425,
  2180,
  601,
  1048,
  313,
  220,
  1134,
  220,
  264,
  234,
  1192,
  195,
  284,
  234,
  206,
  251,
  7517,
  2857,
  191,
  234,
  340,
  271,
  220,
  347,
  305,
  2891,
  2796,
  187,
  294,
  497,
  306,
  305,
  814,
  272,
  291,
  2523,
  251,
  192,
  1187,
  2419,
  960,
  1474,
  1192,
  220,
  220,
  179,
  340,
  497,
  234,
  305,
  2611,
  271,
  306,
  254,
  980,
  4407,
  251,
  220,
  2980,
  1188,
  1823,
  262,
  980,
  2408,
  347,
  226,
  305,
  225,
  187,
  195,
  195,
  254,
  5287,
  234,
  284,
  206,
  206,
  294,
  195,
  277,
  284,
  234,
  1192,
  2191,
  2676,
  2191,
  225
 ],
 "TotalThroughputOverTime": [
  0,
  0,
  0,
  0,
  0,
  0,
  13,
  3,
  5,
  5,
  2,
  6,
  5,
  10,
  8,
  6,
  7,
  5,
  6,
  9,
  6,
  7,
  7,
  10,
  5,
  5,
  8,
  5,
  7,
  2,
  1,
  1,
  0,
  1,
  0,
  1,
  0,
  0
 ],
 "AverageThroughputSecondaries": [
  2.0526315789473686,
  2.0526315789473686
 ],
 "TotalThrouhgputPerSecondaryPerWindow": [
  [
   0,
   0,
   0,
   0,
   0,
   0,
   6,
   1,
   4,
   2,
   1,
   4,
   4,
   5,
   3,
   5,
   3,
   2,
   4,
   4,
   3,
   3,
   3,
   6,
   3,
   1,
   4,
   3,
   0,
   1,
   1,
   1,
   0,
   1,
   0,
   0,
   0,
   0
  ],
  [
   0,
   0,
   0,
   0,
   0,
   0,
   7,
   2,
   1,
   3,
   1,
   2,
   1,
   5,
   5,
   1,
   4,
   3,
   2,
   5,
   3,
   4,
   4,
   4,
   2,
   4,
   4,
   2,
   7,
   1,
   0,
   0,
   0,
   0,
   0,
   1,
   0,
   0
  ]
 ],
 "MaximumThroughput": 13,
 "MinimumThroughput": 0,
 "AverageThroughput": 4.105263157894737,
 "TotalSuccess": 156,
 "TotalFails": 344
}