{
 "RawResults": [
  [
   {
    "TxLatencies": [
     725,
     5159,
     4744,
     4341,
     1392,
     2372,
     2782,
     3115,
     1696,
     4810,
     2942,
     4497,
     4942,
     2151,
     2657,
     1342,
     2804,
     2145,
     5369,
     4893,
     4759,
     4784,
     2206,
     1247,
     2274,
     2612,
     4961,
     379,
     4856,
     5091,
     2550,
     161,
     2495,
     2796,
     2510,
     1178,
     4966,
     5277,
     4685,
     901,
     4579,
     4843,
     2617,
     4870,
     1107,
     2819,
     799,
     3015
    ],
    "AverageLatency": 3129.4791666666665,
    "MedianLatency": 0,
    "Throughput": 1.3714285714285714,
    "ThroughputSeconds": [
     0,
     0,
     0,
     0,
     0,
     0,
     1,
     3,
     0,
     2,
     1,
     0,
     2,
     2,
     2,
     2,
     0,
     1,
     1,
     1,
     2,
     3,
     2,
     3,
     2,
     3,
     2,
     0,
     1,
     3,
     4,
     2,
     3,
     0,
     0
    ],
    "Success": 48,
    "Fail": 202
   }
  ],
  [
   {
    "TxLatencies": [
     138,
     844,
     1944,
     2390,
     2205,
     913,
     1947,
     2242,
     4264,
     947,
     946,
     4311,
     4914,
     1521,
     4885,
     4996,
     888,
     998,
     4266,
     854,
     4474,
     1325,
     4514,
     4607,
     4752,
     4626,
     842,
     2025,
     2059,
     4591,
     2490,
     4532,
     895,
     1058,
     790,
     4594,
     4395,
     4633,
     4684,
     2195,
     4415,
     818,
     1036,
     1170,
     2466,
     2382,
     2159
    ],
    "AverageLatency": 2658.2978723404253,
    "MedianLatency": 0,
    "Throughput": 1.3428571428571427,
    "ThroughputSeconds": [
     0,
     0,
     0,
     0,
     0,
     0,
     0,
     0,
     3,
     2,
     3,
     3,
     1,
     3,
     3,
     1,
     3,
     1,
     2,
     2,
     1,
     1,
     1,
     1,
     2,
     0,
     1,
     3,
     1,
     0,
     4,
     3,
     2,
     0,
     0
    ],
    "Success": 47,
    "Fail": 203
   }
  ]
 ],
 "SecondaryResults": [
  {
   "TxLatencies": [
    161,
    379,
    725,
    799,
    901,
    1107,
    1178,
    1247,
    1342,
    1392,
    1696,
    2145,
    2151,
    2206,
    2274,
    2372,
    2495,
    2510,
    2550,
    2612,
    2617,
    2657,
    2782,
    2796,
    2804,
    2819,
    2942,
    3015,
    3115,
    4341,
    4497,
    4579,
    4685,
    4744,
    4759,
    4784,
    4810,
    4843,
    4856,
    4870,
    4893,
    4942,
    4961,
    4966,
    5091,
    5159,
    5277,
    5369
   ],
   "AverageLatency": 3129.4791666666665,
   "MedianLatency": 2800,
   "Throughput": 1.3714285714285714,
   "ThroughputSeconds": [
    0,
    0,
    0,
    0,
    0,
    0,
    1,
    3,
    0,
    2,
    1,
    0,
    2,
    2,
    2,
    2,
    0,
    1,
    1,
    1,
    2,
    3,
    2,
    3,
    2,
    3,
    2,
    0,
    1,
    3,
    4,
    2,
    3,
    0,
    0
   ],
   "Success": 48,
   "Fail": 202
  },
  {
   "TxLatencies": [
    138,
    790,
    818,
    842,
    844,
    854,
    888,
    895,
    913,
    946,
    947,
    998,
    1036,
    1058,
    1170,
    1325,
    1521,
    1944,
    1947,
    2025,
    2059,
    2159,
    2195,
    2205,
    2242,
    2382,
    2390,
    2466,
    2490,
    4264,
    4266,
    4311,
    4395,
    4415,
    4474,
    4514,
    4532,
    4591,
    4594,
    4607,
    4626,
    4633,
    4684,
    4752,
    4885,
    4914,
    4996
   ],
   "AverageLatency": 2658.2978723404253,
   "MedianLatency": 2205,
   "Throughput": 1.3428571428571427,
   "ThroughputSeconds": [
    0,
    0,
    0,
    0,
    0,
    0,
    0,
    0,
    3,
    2,
    3,
    3,
    1,
    3,
    3,
    1,
    3,
    1,
    2,
    2,
    1,
    1,
    1,
    1,
    2,
    0,
    1,
    3,
    1,
    0,
    4,
    3,
    2,
    0,
    0
   ],
   "Success": 47,
   "Fail": 203
  }
 ],
 "MinLatency": 138,
 "AverageLatency": 2893.888519503546,
 "MaxLatency": 5369,
 "MedianLatency": 2893.888519503546,
 "AllTxLatencies": [
  725,
  5159,
  4744,
  4341,
  1392,
  2372,
  2782,
  3115,
  1696,
  4810,
  2942,
  4497,
  4942,
  2151,
  2657,
  1342,
  2804,
  2145,
  5369,
  4893,
  4759,
  4784,
  2206,
  1247,
  2274,
  2612,
  4961,
  379,
  4856,
  5091,
  2550,
  161,
  2495,
  2796,
  2510,
  1178,
  4966,
  5277,
  4685,
  901,
  4579,
  4843,
  2617,
  4870,
  1107,
  2819,
  799,
  3015,
  138,
  844,
  1944,
  2390,
  2205,
  913,
  1947,
  2242,
  4264,
  947,
  946,
  4311,
  4914,
  1521,
  4885,
  4996,
  888,
  998,
  4266,
  854,
  4474,
  1325,
  4514,
  4607,
  4752,
  4626,
  842,
  2025,
  2059,
  4591,
  2490,
  4532,
  895,
  1058,
  790,
  4594,
  4395,
  4633,
  4684,
  2195,
  4415,
  818,
  1036,
  1170,
  2466,
  2382,
  2159
 ],
 "TotalThroughputOverTime": [
  0,
  0,
  0,
  0,
  0,
  0,
  1,
  3,
  3,
  4,
  4,
  3,
  3,
  5,
  5,
  3,
  3,
  2,
  3,
  3,
  3,
  4,
  3,
  4,
  4,
  3,
  3,
  3,
  2,
  3,
  8,
  5,
  5,
  0,
  0
 ],
 "AverageThroughputSecondaries": [
  1.3714285714285714,
  1.3428571428571427
 ],
 "TotalThrouhgputPerSecondaryPerWindow": [
  [
   0,
   0,
   0,
   0,
   0,
   0,
   1,
   3,
   0,
   2,
   1,
   0,
   2,
   2,
   2,
   2,
   0,
   1,
   1,
   1,
   2,
   3,
   2,
   3,
   2,
   3,
   2,
   0,
   1,
   3,
   4,
   2,
   3,
   0,
   0
  ],
  [
   0,
   0,
   0,
   0,
   0,
   0,
   0,
   0,
   3,
   2,
   3,
   3,
   1,
   3,
   3,
   1,
   3,
   1,
   2,
   2,
   1,
   1,
   1,
   1,
   2,
   0,
   1,
   3,
   1,
   0,
   4,
   3,
   2,
   0,
   0
  ]
 ],
 "MaximumThroughput": 8,
 "MinimumThroughput": 0,
 "AverageThroughput": 2.7142857142857144,
 "TotalSuccess": 95,
 "TotalFails": 405
}