{
 "RawResults": [
  [
   {
    "TxLatencies": [
     3992,
     4425,
     4471,
     2110,
     4358,
     844,
     1986,
     4565,
     2114,
     839,
     2052,
     4679,
     2480,
     730,
     1943,
     1005,
     2230,
     2187,
     4846,
     199,
     4804,
     4722,
     2660,
     4661,
     864,
     4820,
     1302,
     4739,
     2349,
     4539,
     4456,
     2062,
     2235,
     2640,
     902,
     839,
     4341,
     1052,
     837,
     938,
     1983,
     711,
     4660,
     4516,
     2452,
     142,
     2554,
     767,
     2147
    ],
    "AverageLatency": 2607.122448979592,
    "MedianLatency": 0,
    "Throughput": 1.4,
    "ThroughputSeconds": [
     0,
     0,
     0,
     0,
     0,
     0,
     1,
     3,
     1,
     2,
     2,
     1,
     1,
     1,
     2,
     2,
     1,
     2,
     2,
     2,
     3,
     1,
     2,
     2,
     2,
     2,
     2,
     0,
     0,
     3,
     5,
     2,
     2,
     0,
     0
    ],
    "Success": 49,
    "Fail": 201
   }
  ],
  [
   {
    "TxLatencies": [
     4635,
     4819,
     2466,
     2956,
     220,
     4964,
     1588,
     1054,
     4942,
     2491,
     5438,
     2373,
     1030,
     1229,
     250,
     5218,
     2562,
     5220,
     5086,
     1172,
     5508,
     1211,
     1743,
     208,
     2544,
     5847,
     2949,
     2367,
     1118,
     762,
     4560,
     890,
     5274,
     3239,
     735,
     1607,
     150,
     4929,
     2748,
     935,
     3262,
     3115
    ],
    "AverageLatency": 2747.9523809523807,
    "MedianLatency": 0,
    "Throughput": 1.2,
    "ThroughputSeconds": [
     0,
     0,
     0,
     0,
     0,
     0,
     0,
     0,
     2,
     0,
     1,
     2,
     3,
     3,
     2,
     1,
     2,
     4,
     2,
     1,
     0,
     0,
     2,
     2,
     1,
     2,
     1,
     1,
     3,
     3,
     1,
     2,
     1,
     0,
     0
    ],
    "Success": 42,
    "Fail": 208
   }
  ]
 ],
 "SecondaryResults": [
  {
   "TxLatencies": [
    142,
    199,
    711,
    730,
    767,
    837,
    839,
    839,
    844,
    864,
    902,
    938,
    1005,
    1052,
    1302,
    1943,
    1983,
    1986,
    2052,
    2062,
    2110,
    2114,
    2147,
    2187,
    2230,
    2235,
    2349,
    2452,
    2480,
    2554,
    2640,
    2660,
    3992,
    4341,
    4358,
    4425,
    4456,
    4471,
    4516,
    4539,
    4565,
    4660,
    4661,
    4679,
    4722,
    4739,
    4804,
    4820,
    4846
   ],
   "AverageLatency": 2607.122448979592,
   "MedianLatency": 2230,
   "Throughput": 1.4,
   "ThroughputSeconds": [
    0,
    0,
    0,
    0,
    0,
    0,
    1,
    3,
    1,
    2,
    2,
    1,
    1,
    1,
    2,
    2,
    1,
    2,
    2,
    2,
    3,
    1,
    2,
    2,
    2,
    2,
    2,
    0,
    0,
    3,
    5,
    2,
    2,
    0,
    0
   ],
   "Success": 49,
   "Fail": 201
  },
  {
   "TxLatencies": [
    150,
    208,
    220,
    250,
    735,
    762,
    890,
    935,
    1030,
    1054,
    1118,
    1172,
    1211,
    1229,
    1588,
    1607,
    1743,
    2367,
    2373,
    2466,
    2491,
    2544,
    2562,
    2748,
    2949,
    2956,
    3115,
    3239,
    3262,
    4560,
    4635,
    4819,
    4929,
    4942,
    4964,
    5086,
    5218,
    5220,
    5274,
    5438,
    5508,
    5847
   ],
   "AverageLatency": 2747.9523809523807,
   "MedianLatency": 2517.5,
   "Throughput": 1.2,
   "ThroughputSeconds": [
    0,
    0,
    0,
    0,
    0,
    0,
    0,
    0,
    2,
    0,
    1,
    2,
    3,
    3,
    2,
    1,
    2,
    4,
    2,
    1,
    0,
    0,
    2,
    2,
    1,
    2,
    1,
    1,
    3,
    3,
    1,
    2,
    1,
    0,
    0
   ],
   "Success": 42,
   "Fail": 208
  }
 ],
 "MinLatency": 142,
 "AverageLatency": 2677.5374149659865,
 "MaxLatency": 5847,
 "MedianLatency": 2677.5374149659865,
 "AllTxLatencies": [
  3992,
  4425,
  4471,
  2110,
  4358,
  844,
  1986,
  4565,
  2114,
  839,
  2052,
  4679,
  2480,
  730,
  1943,
  1005,
  2230,
  2187,
  4846,
  199,
  4804,
  4722,
  2660,
  4661,
  864,
  4820,
  1302,
  4739,
  2349,
  4539,
  4456,
  2062,
  2235,
  2640,
  902,
  839,
  4341,
  1052,
  837,
  938,
  1983,
  711,
  4660,
  4516,
  2452,
  142,
  2554,
  767,
  2147,
  4635,
  4819,
  2466,
  2956,
  220,
  4964,
  1588,
  1054,
  4942,
  2491,
  5438,
  2373,
  1030,
  1229,
  250,
  5218,
  2562,
  5220,
  5086,
  1172,
  5508,
  1211,
  1743,
  208,
  2544,
  5847,
  2949,
  2367,
  1118,
  762,
  4560,
  890,
  5274,
  3239,
  735,
  1607,
  150,
  4929,
  2748,
  935,
  3262,
  3115
 ],
 "TotalThroughputOverTime": [
  0,
  0,
  0,
  0,
  0,
  0,
  1,
  3,
  3,
  2,
  3,
  3,
  4,
  4,
  4,
  3,
  3,
  6,
  4,
  3,
  3,
  1,
  4,
  4,
  3,
  4,
  3,
  1,
  3,
  6,
  6,
  4,
  3,
  0,
  0
 ],
 "AverageThroughputSecondaries": [
  1.4,
  1.2
 ],
 "TotalThrouhgputPerSecondaryPerWindow": [
  [
   0,
   0,
   0,
   0,
   0,
   0,
   1,
   3,
   1,
   2,
   2,
   1,
   1,
   1,
   2,
   2,
   1,
   2,
   2,
   2,
   3,
   1,
   2,
   2,
   2,
   2,
   2,
   0,
   0,
   3,
   5,
   2,
   2,
   0,
   0
  ],
  [
   0,
   0,
   0,
   0,
   0,
   0,
   0,
   0,
   2,
   0,
   1,
   2,
   3,
   3,
   2,
   1,
   2,
   4,
   2,
   1,
   0,
   0,
   2,
   2,
   1,
   2,
   1,
   1,
   3,
   3,
   1,
   2,
   1,
   0,
   0
  ]
 ],
 "MaximumThroughput": 6,
 "MinimumThroughput": 0,
 "AverageThroughput": 2.5999999999999996,
 "TotalSuccess": 91,
 "TotalFails": 409
}