{
 "RawResults": [
  [
   {
    "TxLatencies": [
     2163,
     4015,
     5386,
     4988,
     4837,
     2892,
     2717,
     2513,
     2615,
     222,
     2657,
     2814,
     2394,
     1511,
     1240,
     2554,
     5045,
     2774,
     2283,
     5025,
     986,
     4766,
     2714,
     2654,
     2129,
     4423,
     4497,
     230,
     289,
     1320,
     871,
     4738,
     4670,
     4808,
     2751,
     2878,
     4929,
     4880,
     2682,
     1656,
     5375
    ],
    "AverageLatency": 3046.121951219512,
    "MedianLatency": 0,
    "Throughput": 1.1081081081081081,
    "ThroughputSeconds": [
     0,
     0,
     0,
     0,
     0,
     0,
     1,
     1,
     0,
     2,
     1,
     1,
     1,
     3,
     3,
     0,
     1,
     0,
     2,
     1,
     2,
     1,
     1,
     2,
     3,
     1,
     2,
     1,
     2,
     5,
     0,
     1,
     3,
     0,
     0,
     0,
     0
    ],
    "Success": 41,
    "Fail": 209
   }
  ],
  [
   {
    "TxLatencies": [
     1345,
     4080,
     4596,
     2287,
     847,
     4303,
     921,
     2177,
     2044,
     1754,
     946,
     3977,
     736,
     161,
     4697,
     851,
     800,
     4579,
     124,
     4719,
     2108,
     909,
     4896,
     4294,
     894,
     4508,
     1070,
     1858,
     220,
     2239,
     741,
     4747,
     2164,
     2020,
     2059,
     795,
     1854,
     2348,
     4430,
     908,
     936,
     860,
     4628,
     188,
     2081,
     4607,
     4501,
     2117,
     4862,
     4529,
     872,
     876,
     2092,
     1955,
     4925,
     1052,
     3890,
     4567,
     2509,
     2556
    ],
    "AverageLatency": 2426.8166666666666,
    "MedianLatency": 0,
    "Throughput": 1.6216216216216217,
    "ThroughputSeconds": [
     0,
     0,
     0,
     0,
     0,
     0,
     0,
     2,
     4,
     2,
     1,
     2,
     2,
     2,
     1,
     3,
     2,
     2,
     3,
     3,
     2,
     1,
     3,
     4,
     0,
     3,
     1,
     2,
     1,
     3,
     6,
     3,
     2,
     0,
     0,
     0,
     0
    ],
    "Success": 60,
    "Fail": 190
   }
  ]
 ],
 "SecondaryResults": [
  {
   "TxLatencies": [
    222,
    230,
    289,
    871,
    986,
    1240,
    1320,
    1511,
    1656,
    2129,
    2163,
    2283,
    2394,
    2513,
    2554,
    2615,
    2654,
    2657,
    2682,
    2714,
    2717,
    2751,
    2774,
    2814,
    2878,
    2892,
    4015,
    4423,
    4497,
    4670,
    4738,
    4766,
    4808,
    4837,
    4880,
    4929,
    4988,
    5025,
    5045,
    5375,
    5386
   ],
   "AverageLatency": 3046.121951219512,
   "MedianLatency": 2717,
   "Throughput": 1.1081081081081081,
   "ThroughputSeconds": [
    0,
    0,
    0,
    0,
    0,
    0,
    1,
    1,
    0,
    2,
    1,
    1,
    1,
    3,
    3,
    0,
    1,
    0,
    2,
    1,
    2,
    1,
    1,
    2,
    3,
    1,
    2,
    1,
    2,
    5,
    0,
    1,
    3,
    0,
    0,
    0,
    0
   ],
   "Success": 41,
   "Fail": 209
  },
  {
   "TxLatencies": [
    124,
    161,
    188,
    220,
    736,
    741,
    795,
    800,
    847,
    851,
    860,
    872,
    876,
    894,
    908,
    909,
    921,
    936,
    946,
    1052,
    1070,
    1345,
    1754,
    1854,
    1858,
    1955,
    2020,
    2044,
    2059,
    2081,
    2092,
    2108,
    2117,
    2164,
    2177,
    2239,
    2287,
    2348,
    2509,
    2556,
    3890,
    3977,
    4080,
    4294,
    4303,
    4430,
    4501,
    4508,
    4529,
    4567,
    4579,
    4596,
    4607,
    4628,
    4697,
    4719,
    4747,
    4862,
    4896,
    4925
   ],
   "AverageLatency": 2426.8166666666666,
   "MedianLatency": 2086.5,
   "Throughput": 1.6216216216216217,
   "ThroughputSeconds": [
    0,
    0,
    0,
    0,
    0,
    0,
    0,
    2,
    4,
    2,
    1,
    2,
    2,
    2,
    1,
    3,
    2,
    2,
    3,
    3,
    2,
    1,
    3,
    4,
    0,
    3,
    1,
    2,
    1,
    3,
    6,
    3,
    2,
    0,
    0,
    0,
    0
   ],
   "Success": 60,
   "Fail": 190
  }
 ],
 "MinLatency": 124,
 "AverageLatency": 2736.4693089430893,
 "MaxLatency": 5386,
 "MedianLatency": 2736.4693089430893,
 "AllTxLatencies": [
  2163,
  4015,
  5386,
  4988,
  4837,
  2892,
  2717,
  2513,
  2615,
  222,
  2657,
  2814,
  2394,
  1511,
  1240,
  2554,
  5045,
  2774,
  2283,
  5025,
  986,
  4766,
  2714,
  2654,
  2129,
  4423,
  4497,
  230,
  289,
  1320,
  871,
  4738,
  4670,
  4808,
  2751,
  2878,
  4929,
  4880,
  2682,
  1656,
  5375,
  1345,
  4080,
  4596,
  2287,
  847,
  4303,
  921,
  2177,
  2044,
  1754,
  946,
  3977,
  736,
  161,
  4697,
  851,
  800,
  4579,
  124,
  4719,
  2108,
  909,
  4896,
  4294,
  894,
  4508,
  1070,
  1858,
  220,
  2239,
  741,
  4747,
  2164,
  2020,
  2059,
  795,
  1854,
  2348,
  4430,
  908,
  936,
  860,
  4628,
  188,
  2081,
  4607,
  4501,
  2117,
  4862,
  4529,
  872,
  876,
  2092,
  1955,
  4925,
  1052,
  3890,
  4567,
  2509,
  2556
 ],
 "TotalThroughputOverTime": [
  0,
  0,
  0,
  0,
  0,
  0,
  1,
  3,
  4,
  4,
  2,
  3,
  3,
  5,
  4,
  3,
  3,
  2,
  5,
  4,
  4,
  2,
  4,
  6,
  3,
  4,
  3,
  3,
  3,
  8,
  6,
  4,
  5,
  0,
  0,
  0,
  0
 ],
 "AverageThroughputSecondaries": [
  1.1081081081081081,
  1.6216216216216217
 ],
 "TotalThrouhgputPerSecondaryPerWindow": [
  [
   0,
   0,
   0,
   0,
   0,
   0,
   1,
   1,
   0,
   2,
   1,
   1,
   1,
   3,
   3,
   0,
   1,
   0,
   2,
   1,
   2,
   1,
   1,
   2,
   3,
   1,
   2,
   1,
   2,
   5,
   0,
   1,
   3,
   0,
   0,
   0,
   0
  ],
  [
   0,
   0,
   0,
   0,
   0,
   0,
   0,
   2,
   4,
   2,
   1,
   2,
   2,
   2,
   1,
   3,
   2,
   2,
   3,
   3,
   2,
   1,
   3,
   4,
   0,
   3,
   1,
   2,
   1,
   3,
   6,
   3,
   2,
   0,
   0,
   0,
   0
  ]
 ],
 "MaximumThroughput": 8,
 "MinimumThroughput": 0,
 "AverageThroughput": 2.72972972972973,
 "TotalSuccess": 101,
 "TotalFails": 399
}