{
 "RawResults": [
  [
   {
    "TxLatencies": [
     4286,
     985,
     175,
     292,
     4117,
     4113,
     4464,
     234,
     2314,
     4779,
     364,
     528,
     358,
     342,
     319,
     4541,
     790,
     209,
     5041,
     360,
     989,
     3936,
     2033,
     4440,
     281,
     670,
     347,
     408,
     4482,
     253,
     749,
     978,
     757,
     1787,
     1111,
     807,
     911,
     494,
     1802,
     4743,
     2532,
     2507,
     313,
     4620,
     4716,
     161,
     447,
     298,
     1101,
     528,
     810,
     2150,
     966,
     749,
     2026,
     397,
     195,
     1925,
     1028,
     313,
     388,
     4546,
     375,
     506,
     365,
     879,
     172,
     872,
     312,
     4170,
     917,
     4272,
     408,
     409,
     380,
     399,
     237,
     215,
     460,
     4417,
     342,
     258,
     223,
     4476,
     4452,
     435,
     4483,
     874,
     977,
     347,
     959,
     4321,
     164,
     321,
     231,
     4557,
     775,
     281,
     1077,
     831,
     185,
     4453,
     465,
     2439
    ],
    "AverageLatency": 1548.0384615384614,
    "MedianLatency": 0,
    "Throughput": 2.810810810810811,
    "ThroughputSeconds": [
     0,
     0,
     0,
     0,
     2,
     2,
     5,
     2,
     4,
     1,
     4,
     0,
     3,
     9,
     3,
     6,
     3,
     2,
     4,
     4,
     7,
     3,
     4,
     8,
     3,
     3,
     5,
     3,
     4,
     4,
     2,
     4,
     0,
     0,
     0,
     0,
     0
    ],
    "Success": 104,
    "Fail": 146
   }
  ],
  [
   {
    "TxLatencies": [
     332,
     4432,
     259,
     735,
     322,
     325,
     274,
     340,
     461,
     293,
     886,
     286,
     350,
     195,
     221,
     368,
     310,
     2067,
     210,
     411,
     317,
     1042,
     406,
     1707,
     166,
     4617,
     172,
     252,
     1280,
     892,
     4243,
     295,
     311,
     685,
     187,
     707,
     288,
     876,
     2186,
     6034,
     4633,
     1214,
     247,
     2041,
     1730,
     1160,
     857,
     2482,
     831,
     3903,
     888,
     820,
     4466,
     323,
     485,
     526,
     214,
     4061,
     846,
     2544,
     2059,
     214,
     468,
     438,
     399,
     323,
     124,
     461,
     1829,
     210,
     322,
     821,
     2041,
     378,
     252,
     4668,
     989,
     4493,
     1103,
     2599,
     290,
     826,
     4425,
     861,
     293,
     332,
     222,
     4448,
     2185,
     505,
     291,
     411,
     441,
     453,
     174,
     884,
     254,
     302,
     955,
     252,
     986,
     342,
     435,
     894,
     510,
     956
    ],
    "AverageLatency": 1142.7264150943397,
    "MedianLatency": 0,
    "Throughput": 2.864864864864865,
    "ThroughputSeconds": [
     0,
     0,
     0,
     0,
     1,
     5,
     4,
     3,
     2,
     6,
     1,
     6,
     4,
     4,
     8,
     1,
     5,
     4,
     4,
     6,
     4,
     5,
     3,
     5,
     5,
     3,
     4,
     4,
     6,
     0,
     1,
     1,
     0,
     0,
     1,
     0,
     0
    ],
    "Success": 106,
    "Fail": 144
   }
  ]
 ],
 "SecondaryResults": [
  {
   "TxLatencies": [
    161,
    164,
    172,
    175,
    185,
    195,
    209,
    215,
    223,
    231,
    234,
    237,
    253,
    258,
    281,
    281,
    292,
    298,
    312,
    313,
    313,
    319,
    321,
    342,
    342,
    347,
    347,
    358,
    360,
    364,
    365,
    375,
    380,
    388,
    397,
    399,
    408,
    408,
    409,
    435,
    447,
    460,
    465,
    494,
    506,
    528,
    528,
    670,
    749,
    749,
    757,
    775,
    790,
    807,
    810,
    831,
    872,
    874,
    879,
    911,
    917,
    959,
    966,
    977,
    978,
    985,
    989,
    1028,
    1077,
    1101,
    1111,
    1787,
    1802,
    1925,
    2026,
    2033,
    2150,
    2314,
    2439,
    2507,
    2532,
    3936,
    4113,
    4117,
    4170,
    4272,
    4286,
    4321,
    4417,
    4440,
    4452,
    4453,
    4464,
    4476,
    4482,
    4483,
    4541,
    4546,
    4557,
    4620,
    4716,
    4743,
    4779,
    5041
   ],
   "AverageLatency": 1548.0384615384614,
   "MedianLatency": 782.5,
   "Throughput": 2.810810810810811,
   "ThroughputSeconds": [
    0,
    0,
    0,
    0,
    2,
    2,
    5,
    2,
    4,
    1,
    4,
    0,
    3,
    9,
    3,
    6,
    3,
    2,
    4,
    4,
    7,
    3,
    4,
    8,
    3,
    3,
    5,
    3,
    4,
    4,
    2,
    4,
    0,
    0,
    0,
    0,
    0
   ],
   "Success": 104,
   "Fail": 146
  },
  {
   "TxLatencies": [
    124,
    166,
    172,
    174,
    187,
    195,
    210,
    210,
    214,
    214,
    221,
    222,
    247,
    252,
    252,
    252,
    254,
    259,
    274,
    286,
    288,
    290,
    291,
    293,
    293,
    295,
    302,
    310,
    311,
    317,
    322,
    322,
    323,
    323,
    325,
    332,
    332,
    340,
    342,
    350,
    368,
    378,
    399,
    406,
    411,
    411,
    435,
    438,
    441,
    453,
    461,
    461,
    468,
    485,
    505,
    510,
    526,
    685,
    707,
    735,
    820,
    821,
    826,
    831,
    846,
    857,
    861,
    876,
    884,
    886,
    888,
    892,
    894,
    955,
    956,
    986,
    989,
    1042,
    1103,
    1160,
    1214,
    1280,
    1707,
    1730,
    1829,
    2041,
    2041,
    2059,
    2067,
    2185,
    2186,
    2482,
    2544,
    2599,
    3903,
    4061,
    4243,
    4425,
    4432,
    4448,
    4466,
    4493,
    4617,
    4633,
    4668,
    6034
   ],
   "AverageLatency": 1142.7264150943397,
   "MedianLatency": 476.5,
   "Throughput": 2.864864864864865,
   "ThroughputSeconds": [
    0,
    0,
    0,
    0,
    1,
    5,
    4,
    3,
    2,
    6,
    1,
    6,
    4,
    4,
    8,
    1,
    5,
    4,
    4,
    6,
    4,
    5,
    3,
    5,
    5,
    3,
    4,
    4,
    6,
    0,
    1,
    1,
    0,
    0,
    1,
    0,
    0
   ],
   "Success": 106,
   "Fail": 144
  }
 ],
 "MinLatency": 124,
 "AverageLatency": 1345.3824383164006,
 "MaxLatency": 6034,
 "MedianLatency": 1345.3824383164006,
 "AllTxLatencies": [
  4286,
  985,
  175,
  292,
  4117,
  4113,
  4464,
  234,
  2314,
  4779,
  364,
  528,
  358,
  342,
  319,
  4541,
  790,
  209,
  5041,
  360,
  989,
  3936,
  2033,
  4440,
  281,
  670,
  347,
  408,
  4482,
  253,
  749,
  978,
  757,
  1787,
  1111,
  807,
  911,
  494,
  1802,
  4743,
  2532,
  2507,
  313,
  4620,
  4716,
  161,
  447,
  298,
  1101,
  528,
  810,
  2150,
  966,
  749,
  2026,
  397,
  195,
  1925,
  1028,
  313,
  388,
  4546,
  375,
  506,
  365,
  879,
  172,
  872,
  312,
  4170,
  917,
  4272,
  408,
  409,
  380,
  399,
  237,
  215,
  460,
  4417,
  342,
  258,
  223,
  4476,
  4452,
  435,
  4483,
  874,
  977,
  347,
  959,
  4321,
  164,
  321,
  231,
  4557,
  775,
  281,
  1077,
  831,
  185,
  4453,
  465,
  2439,
  332,
  4432,
  259,
  735,
  322,
  325,
  274,
  340,
  461,
  293,
  886,
  286,
  350,
  195,
  221,
  368,
  310,
  2067,
  210,
  411,
  317,
  1042,
  406,
  1707,
  166,
  4617,
  172,
  252,
  1280,
  892,
  4243,
  295,
  311,
  685,
  187,
  707,
  288,
  876,
  2186,
  6034,
  4633,
  1214,
  247,
  2041,
  1730,
  1160,
  857,
  2482,
  831,
  3903,
  888,
  820,
  4466,
  323,
  485,
  526,
  214,
  4061,
  846,
  2544,
  2059,
  214,
  468,
  438,
  399,
  323,
  124,
  461,
  1829,
  210,
  322,
  821,
  2041,
  378,
  252,
  4668,
  989,
  4493,
  1103,
  2599,
  290,
  826,
  4425,
  861,
  293,
  332,
  222,
  4448,
  2185,
  505,
  291,
  411,
  441,
  453,
  174,
  884,
  254,
  302,
  955,
  252,
  986,
  342,
  435,
  894,
  510,
  956
 ],