{
 "RawResults": [
  [
   {
    "TxLatencies": [
     220,
     2021,
     4785,
     462,
     501,
     2205,
     826,
     4626,
     556,
     559,
     259,
     1113,
     295,
     902,
     4264,
     1950,
     455,
     4540,
     4830,
     388,
     2058,
     240,
     228,
     4055,
     294,
     4240,
     179,
     375,
     4024,
     372,
     4438,
     2678,
     297,
     344,
     161,
     998,
     4480,
     338,
     1225,
     334,
     299,
     766,
     4620,
     226,
     4656,
     1904,
     4696,
     494,
     406,
     2150,
     4365,
     200,
     2544,
     356,
     1892,
     203,
     361,
     1018,
     4577,
     249,
     789,
     4288,
     1831,
     449,
     918,
     1017,
     182,
     384,
     4603,
     435,
     4758,
     156,
     2045,
     4398,
     179,
     197,
     148,
     1047,
     660,
     1826,
     470,
     313,
     4710,
     259,
     760,
     369,
     4194,
     378,
     373,
     884,
     295,
     895
    ],
    "AverageLatency": 1601.1630434782608,
    "MedianLatency": 0,
    "Throughput": 2.4864864864864864,
    "ThroughputSeconds": [
     0,
     0,
     0,
     0,
     1,
     1,
     6,
     2,
     2,
     3,
     4,
     0,
     4,
     8,
     5,
     5,
     4,
     2,
     4,
     4,
     3,
     3,
     3,
     7,
     5,
     2,
     3,
     3,
     0,
     4,
     2,
     1,
     1,
     0,
     0,
     0,
     0
    ],
    "Success": 92,
    "Fail": 158
   }
  ],
  [
   {
    "TxLatencies": [
     196,
     874,
     1189,
     2428,
     295,
     376,
     493,
     405,
     493,
     525,
     298,
     1015,
     4561,
     459,
     157,
     217,
     288,
     233,
     2100,
     325,
     4023,
     603,
     4586,
     150,
     239,
     1054,
     4779,
     310,
     959,
     826,
     302,
     808,
     437,
     229,
     4644,
     4665,
     339,
     908,
     272,
     456,
     861,
     416,
     254,
     447,
     843,
     4473,
     112,
     747,
     416,
     249,
     469,
     272,
     4703,
     355,
     1019,
     872,
     1112,
     376,
     767,
     799,
     338,
     2060,
     4926,
     2612,
     4217,
     298,
     222,
     437,
     1151,
     4516,
     452,
     4606,
     887,
     4404,
     223,
     309,
     394,
     161,
     967,
     1966,
     4751,
     2305,
     984,
     161,
     4855,
     4488,
     293,
     165,
     4244,
     112,
     2376,
     2050,
     428,
     900,
     899,
     261,
     260,
     5096,
     2227,
     221,
     244,
     535,
     147,
     308,
     4401,
     313,
     428,
     209,
     399,
     1872
    ],
    "AverageLatency": 1346.8727272727272,
    "MedianLatency": 0,
    "Throughput": 2.972972972972973,
    "ThroughputSeconds": [
     0,
     0,
     0,
     0,
     2,
     2,
     4,
     3,
     4,
     5,
     2,
     3,
     2,
     5,
     6,
     3,
     6,
     3,
     5,
     6,
     5,
     6,
     4,
     5,
     3,
     5,
     5,
     3,
     9,
     0,
     2,
     1,
     1,
     0,
     0,
     0,
     0
    ],
    "Success": 110,
    "Fail": 140
   }
  ]
 ],
 "SecondaryResults": [
  {
   "TxLatencies": [
    148,
    156,
    161,
    179,
    179,
    182,
    197,
    200,
    203,
    220,
    226,
    228,
    240,
    249,
    259,
    259,
    294,
    295,
    295,
    297,
    299,
    313,
    334,
    338,
    344,
    356,
    361,
    369,
    372,
    373,
    375,
    378,
    384,
    388,
    406,
    435,
    449,
    455,
    462,
    470,
    494,
    501,
    556,
    559,
    660,
    760,
    766,
    789,
    826,
    884,
    895,
    902,
    918,
    998,
    1017,
    1018,
    1047,
    1113,
    1225,
    1826,
    1831,
    1892,
    1904,
    1950,
    2021,
    2045,
    2058,
    2150,
    2205,
    2544,
    2678,
    4024,
    4055,
    4194,
    4240,
    4264,
    4288,
    4365,
    4398,
    4438,
    4480,
    4540,
    4577,
    4603,
    4620,
    4626,
    4656,
    4696,
    4710,
    4758,
    4785,
    4830
   ],
   "AverageLatency": 1601.1630434782608,
   "MedianLatency": 763,
   "Throughput": 2.4864864864864864,
   "ThroughputSeconds": [
    0,
    0,
    0,
    0,
    1,
    1,
    6,
    2,
    2,
    3,
    4,
    0,
    4,
    8,
    5,
    5,
    4,
    2,
    4,
    4,
    3,
    3,
    3,
    7,
    5,
    2,
    3,
    3,
    0,
    4,
    2,
    1,
    1,
    0,
    0,
    0,
    0
   ],
   "Success": 92,
   "Fail": 158
  },
  {
   "TxLatencies": [
    112,
    112,
    147,
    150,
    157,
    161,
    161,
    165,
    196,
    209,
    217,
    221,
    222,
    223,
    229,
    233,
    239,
    244,
    249,
    254,
    260,
    261,
    272,
    272,
    288,
    293,
    295,
    298,
    298,
    302,
    308,
    309,
    310,
    313,
    325,
    338,
    339,
    355,
    376,
    376,
    394,
    399,
    405,
    416,
    416,
    428,
    428,
    437,
    437,
    447,
    452,
    456,
    459,
    469,
    493,
    493,
    525,
    535,
    603,
    747,
    767,
    799,
    808,
    826,
    843,
    861,
    872,
    874,
    887,
    899,
    900,
    908,
    959,
    967,
    984,
    1015,
    1019,
    1054,
    1112,
    1151,
    1189,
    1872,
    1966,
    2050,
    2060,
    2100,
    2227,
    2305,
    2376,
    2428,
    2612,
    4023,
    4217,
    4244,
    4401,
    4404,
    4473,
    4488,
    4516,
    4561,
    4586,
    4606,
    4644,
    4665,
    4703,
    4751,
    4779,
    4855,
    4926,
    5096
   ],
   "AverageLatency": 1346.8727272727272,
   "MedianLatency": 493,
   "Throughput": 2.972972972972973,
   "ThroughputSeconds": [
    0,
    0,
    0,
    0,
    2,
    2,
    4,
    3,
    4,
    5,
    2,
    3,
    2,
    5,
    6,
    3,
    6,
    3,
    5,
    6,
    5,
    6,
    4,
    5,
    3,
    5,
    5,
    3,
    9,
    0,
    2,
    1,
    1,
    0,
    0,
    0,
    0
   ],
   "Success": 110,
   "Fail": 140
  }
 ],
 "MinLatency": 112,
 "AverageLatency": 1474.017885375494,
 "MaxLatency": 5096,
 "MedianLatency": 1474.017885375494,
 "AllTxLatencies": [
  220,
  2021,
  4785,
  462,
  501,
  2205,
  826,
  4626,
  556,
  559,
  259,
  1113,
  295,
  902,
  4264,
  1950,
  455,
  4540,
  4830,
  388,
  2058,
  240,
  228,
  4055,
  294,
  4240,
  179,
  375,
  4024,
  372,
  4438,
  2678,
  297,
  344,
  161,
  998,
  4480,
  338,
  1225,
  334,
  299,
  766,
  4620,
  226,
  4656,
  1904,
  4696,
  494,
  406,
  2150,
  4365,
  200,
  2544,
  356,
  1892,
  203,
  361,
  1018,
  4577,
  249,
  789,
  4288,
  1831,
  449,
  918,
  1017,
  182,
  384,
  4603,
  435,
  4758,
  156,
  2045,
  4398,
  179,
  197,
  148,
  1047,
  660,
  1826,
  470,
  313,
  4710,
  259,
  760,
  369,
  4194,
  378,
  373,
  884,
  295,
  895,
  196,
  874,
  1189,
  2428,
  295,
  376,
  493,
  405,
  493,
  525,
  298,
  1015,
  4561,
  459,
  157,
  217,
  288,
  233,
  2100,
  325,
  4023,
  603,
  4586,
  150,
  239,
  1054,
  4779,
  310,
  959,
  826,
  302,
  808,
  437,
  229,
  4644,
  4665,
  339,
  908,
  272,
  456,
  861,
  416,
  254,
  447,
  843,
  4473,
  112,
  747,
  416,
  249,
  469,
  272,
  4703,
  355,
  1019,
  872,
  1112,
  376,
  767,
  799,
  338,
  2060,
  4926,
  2612,
  4217,
  298,
  222,
  437,
  1151,
  4516,
  452,
  4606,
  887,
  4404,
  223,
  309,
  394,
  161,
  967,
  1966,
  4751,
  2305,
  984,
  161,
  4855,
  4488,
  293,
  165,
  4244,
  112,
  2376,
  2050,
  428,
  900,
  899,
  261,
  260,
  5096,
  2227,
  221,
  244,
  535,
  147,
  308,
  4401,
  313,
  428,
  209,
  399,
  1872
 ],
 "TotalThroughputOverTime": [
  0,
  0,
  0,
  0,
  3,
  3,
  10,
  5,
  6,
  8,
  6,
  3,
  6,
  13,
  11,
  8,
  10,
  5,
  9,
  10,
  8,
  9,
  7,
  12,
  8,
  7,
  8,
  6,
  9,
  4,
  4,
  2,
  2,
  0,
  0,
  0,
  0
 ],
 "AverageThroughputSecondaries": [
  2.4864864864864864,
  2.972972972972973
 ],