{
 "RawResults": [
  [
   {
    "TxLatencies": [
     5369,
     369,
     190,
     1189,
     182,
     2221,
     5368,
     2314,
     331,
     236,
     171,
     314,
     421,
     339,
     190,
     314,
     200,
     197,
     331,
     314,
     369,
     220,
     278,
     4330,
     339,
     178,
     1179,
     421,
     3016,
     212,
     200,
     1221,
     300,
     369,
     7627,
     178,
     181,
     930,
     260,
     330,
     190,
     3171,
     369,
     212,
     323,
     1179,
     330,
     187,
     220,
     906,
     220,
     2353,
     369,
     200,
     219,
     300,
     325,
     1200,
     2181,
     353,
     259,
     330,
     325,
     187,
     178,
     306,
     305,
     323,
     200,
     178,
     278,
     260,
     325,
     168,
     217,
     236,
     260,
     171,
     200,
     1014,
     339,
     314,
     339,
     1178,
     305,
     178,
     5195,
     278,
     210,
     325,
     331,
     278,
     325,
     1179,
     190,
     810,
     339,
     339,
     2339,
     339,
     200,
     314,
     200,
     330,
     162,
     6493,
     197,
     197,
     171,
     212,
     1197,
     201,
     259,
     305,
     323,
     212,
     300,
     278,
     178,
     212,
     305,
     810,
     196,
     314,
     325,
     168,
     2169,
     868,
     212,
     197,
     1162,
     3811,
     331,
     330,
     300,
     353,
     368,
     323,
     369,
     4420,
     259,
     1189,
     331,
     209,
     1200,
     4942,
     1133,
     196,
     1200,
     420,
     330,
     1200,
     5168,
     197,
     187,
     323,
     810,
     810,
     217,
     168,
     236,
     369,
     178,
     1008,
     200,
     259,
     1200,
     1197,
     6133
    ],
    "AverageLatency": 821.8698224852071,
    "MedianLatency": 0,
    "Throughput": 4.5675675675675675,
    "ThroughputSeconds": [
     0,
     0,
     0,
     0,
     0,
     9,
     7,
     5,
     9,
     8,
     4,
     7,
     8,
     6,
     10,
     4,
     8,
     4,
     6,
     7,
     10,
     9,
     7,
     6,
     5,
     7,
     7,
     5,
     9,
     0,
     0,
     0,
     1,
     0,
     1,
     0,
     0
    ],
    "Success": 169,
    "Fail": 81
   }
  ],
  [
   {
    "TxLatencies": [
     170,
     277,
     330,
     370,
     197,
     200,
     189,
     259,
     370,
     1200,
     236,
     330,
     326,
     1200,
     1194,
     196,
     190,
     332,
     181,
     1218,
     5225,
     200,
     1906,
     170,
     301,
     236,
     170,
     196,
     810,
     181,
     212,
     189,
     340,
     1170,
     196,
     326,
     189,
     353,
     370,
     196,
     810,
     219,
     181,
     929,
     353,
     201,
     330,
     1359,
     2209,
     210,
     259,
     340,
     370,
     161,
     212,
     210,
     340,
     1022,
     210,
     326,
     369,
     219,
     810,
     301,
     196,
     306,
     189,
     236,
     370,
     945,
     1015,
     236,
     2509,
     201,
     301,
     370,
     181,
     200,
     225,
     1200,
     189,
     421,
     225,
     195,
     2331,
     1181,
     181,
     340,
     170,
     161,
     1200,
     330,
     370,
     340,
     259,
     178,
     196,
     169,
     1200,
     277,
     259,
     353,
     326,
     1189,
     421,
     1181,
     181,
     332,
     219,
     277,
     170,
     326,
     212,
     219,
     189,
     929,
     158,
     326,
     1194,
     210,
     315,
     332,
     219,
     197,
     2306,
     158,
     171,
     6236,
     212,
     1194,
     1200,
     1164,
     306,
     314,
     1200,
     190,
     1015,
     189,
     1189,
     181,
     1015,
     326,
     200,
     314,
     369,
     6015,
     5326,
     5158,
     353,
     219,
     189,
     330,
     306,
     326,
     332,
     236,
     259,
     259,
     326,
     353,
     181,
     259,
     182,
     212,
     2930,
     197,
     210,
     1869,
     200,
     259,
     326,
     332,
     314,
     180,
     162,
     170
    ],
    "AverageLatency": 622.7102272727273,
    "MedianLatency": 0,
    "Throughput": 4.756756756756757,
    "ThroughputSeconds": [
     0,
     0,
     0,
     0,
     0,
     11,
     9,
     4,
     10,
     5,
     7,
     7,
     6,
     10,
     5,
     8,
     6,
     7,
     8,
     9,
     6,
     6,
     8,
     6,
     9,
     7,
     7,
     7,
     6,
     1,
     1,
     0,
     0,
     0,
     0,
     0,
     0
    ],
    "Success": 176,
    "Fail": 74
   }
  ]
 ],
 "SecondaryResults": [
  {
   "TxLatencies": [
    162,
    168,
    168,
    168,
    171,
    171,
    171,
    178,
    178,
    178,
    178,
    178,
    178,
    178,
    181,
    182,
    187,
    187,
    187,
    190,
    190,
    190,
    190,
    196,
    196,
    197,
    197,
    197,
    197,
    197,
    200,
    200,
    200,
    200,
    200,
    200,
    200,
    200,
    201,
    209,
    210,
    212,
    212,
    212,
    212,
    212,
    212,
    217,
    217,
    219,
    220,
    220,
    220,
    236,
    236,
    236,
    259,
    259,
    259,
    259,
    260,
    260,
    260,
    278,
    278,
    278,
    278,
    278,
    300,
    300,
    300,
    300,
    305,
    305,
    305,
    305,
    306,
    314,
    314,
    314,
    314,
    314,
    314,
    323,
    323,
    323,
    323,
    323,
    325,
    325,
    325,
    325,
    325,
    325,
    330,
    330,
    330,
    330,
    330,
    330,
    331,
    331,
    331,
    331,
    331,
    339,
    339,
    339,
    339,
    339,
    339,
    339,
    353,
    353,
    368,
    369,
    369,
    369,
    369,
    369,
    369,
    369,
    420,
    421,
    421,
    810,
    810,
    810,
    810,
    868,
    906,
    930,
    1008,
    1014,
    1133,
    1162,
    1178,
    1179,
    1179,
    1179,
    1189,
    1189,
    1197,
    1197,
    1200,
    1200,
    1200,
    1200,
    1200,
    1221,
    2169,
    2181,
    2221,
    2314,
    2339,
    2353,
    3016,
    3171,
    3811,
    4330,
    4420,
    4942,
    5168,
    5195,
    5368,
    5369,
    6133,
    6493,
    7627
   ],
   "AverageLatency": 821.8698224852071,
   "MedianLatency": 323,
   "Throughput": 4.5675675675675675,
   "ThroughputSeconds": [
    0,
    0,
    0,
    0,
    0,
    9,
    7,
    5,
    9,
    8,
    4,
    7,
    8,
    6,
    10,
    4,
    8,
    4,
    6,
    7,
    10,
    9,
    7,
    6,
    5,
    7,
    7,
    5,
    9,
    0,
    0,
    0,
    1,
    0,
    1,
    0,
    0
   ],
   "Success": 169,