{
 "RawResults": [
  [
   {
    "TxLatencies": [
     2387,
     266,
     287,
     2152,
     352,
     463,
     2504,
     340,
     340,
     308,
     1124,
     404,
     4544,
     859,
     2031,
     1444,
     4576,
     297,
     474,
     298,
     314,
     308,
     1022,
     4631,
     360,
     918,
     259,
     5073,
     2211,
     256,
     272,
     922,
     953,
     315,
     327,
     445,
     785,
     175,
     303,
     999,
     191,
     359,
     393,
     299,
     394,
     399,
     298,
     380,
     240,
     203,
     323,
     4558,
     301,
     2852,
     148,
     329,
     325,
     2404,
     266,
     398,
     277,
     203,
     938,
     371,
     810,
     516,
     279,
     1828,
     193,
     256,
     440,
     206,
     4139,
     371,
     4634,
     392,
     860,
     238,
     4475,
     432,
     298,
     163,
     2009,
     297,
     4910,
     269,
     277,
     987,
     462,
     872,
     276,
     2136,
     267,
     454,
     293,
     215,
     215,
     443,
     4531,
     206,
     368,
     2062,
     175,
     273,
     2399,
     2588,
     227,
     4706,
     360,
     142,
     183,
     443,
     2009,
     475,
     682,
     364,
     462,
     1010,
     880,
     4375,
     227,
     2053,
     273,
     388,
     315,
     326,
     239,
     997,
     226,
     175,
     156,
     433,
     479,
     257,
     298,
     259,
     148,
     280,
     403,
     1964,
     4080,
     4209,
     388,
     932,
     249,
     338,
     276,
     327,
     802,
     410,
     873,
     165,
     438,
     2115,
     359,
     203,
     942,
     232,
     1026,
     359,
     314,
     1168,
     237,
     240,
     928
    ],
    "AverageLatency": 960.5151515151515,
    "MedianLatency": 0,
    "Throughput": 4.45945945945946,
    "ThroughputSeconds": [
     0,
     0,
     0,
     0,
     6,
     6,
     5,
     6,
     5,
     8,
     5,
     8,
     7,
     6,
     5,
     7,
     8,
     5,
     6,
     8,
     7,
     7,
     7,
     5,
     7,
     5,
     6,
     6,
     6,
     2,
     2,
     3,
     1,
     0,
     0,
     0,
     0
    ],
    "Success": 165,
    "Fail": 85
   }
  ],
  [
   {
    "TxLatencies": [
     154,
     403,
     342,
     235,
     165,
     355,
     859,
     475,
     327,
     355,
     183,
     225,
     356,
     190,
     325,
     994,
     1870,
     500,
     1001,
     329,
     234,
     224,
     912,
     359,
     2443,
     251,
     227,
     4376,
     238,
     404,
     382,
     307,
     314,
     4665,
     239,
     297,
     330,
     873,
     310,
     333,
     392,
     234,
     500,
     171,
     971,
     4437,
     4492,
     404,
     376,
     347,
     372,
     2263,
     256,
     352,
     404,
     183,
     404,
     219,
     5133,
     2097,
     2562,
     193,
     366,
     4898,
     305,
     327,
     181,
     372,
     234,
     193,
     1120,
     165,
     1981,
     4440,
     2161,
     382,
     326,
     364,
     4465,
     856,
     260,
     352,
     382,
     219,
     248,
     821,
     374,
     171,
     349,
     261,
     2559,
     269,
     142,
     4257,
     4236,
     442,
     821,
     2175,
     154,
     308,
     435,
     281,
     353,
     886,
     277,
     400,
     397,
     410,
     445,
     281,
     328,
     290,
     376,
     301,
     4690,
     4550,
     349,
     269,
     4805,
     4533,
     1148,
     452,
     802,
     442,
     308,
     4328,
     241,
     335,
     269,
     333,
     141,
     4551,
     4063,
     344,
     364,
     4617,
     459,
     220,
     355,
     379,
     4536,
     257,
     440,
     916,
     181,
     307
    ],
    "AverageLatency": 1037.6917808219177,
    "MedianLatency": 0,
    "Throughput": 3.945945945945946,
    "ThroughputSeconds": [
     0,
     0,
     0,
     0,
     3,
     7,
     5,
     4,
     3,
     5,
     9,
     7,
     8,
     8,
     7,
     7,
     3,
     7,
     7,
     4,
     3,
     6,
     5,
     5,
     6,
     5,
     4,
     5,
     7,
     3,
     2,
     0,
     1,
     0,
     0,
     0,
     0
    ],
    "Success": 146,
    "Fail": 104
   }
  ]
 ],
 "SecondaryResults": [
  {
   "TxLatencies": [
    142,
    148,
    148,
    156,
    163,
    165,
    175,
    175,
    175,
    183,
    191,
    193,
    203,
    203,
    203,
    206,
    206,
    215,
    215,
    226,
    227,
    227,
    232,
    237,
    238,
    239,
    240,
    240,
    249,
    256,
    256,
    257,
    259,
    259,
    266,
    266,
    267,
    269,
    272,
    273,
    273,
    276,
    276,
    277,
    277,
    279,
    280,
    287,
    293,
    297,
    297,
    298,
    298,
    298,
    298,
    299,
    301,
    303,
    308,
    308,
    314,
    314,
    315,
    315,
    323,
    325,
    326,
    327,
    327,
    329,
    338,
    340,
    340,
    352,
    359,
    359,
    359,
    360,
    360,
    364,
    368,
    371,
    371,
    380,
    388,
    388,
    392,
    393,
    394,
    398,
    399,
    403,
    404,
    410,
    432,
    433,
    438,
    440,
    443,
    443,
    445,
    454,
    462,
    462,
    463,
    474,
    475,
    479,
    516,
    682,
    785,
    802,
    810,
    859,
    860,
    872,
    873,
    880,
    918,
    922,
    928,
    932,
    938,
    942,
    953,
    987,
    997,
    999,
    1010,
    1022,
    1026,
    1124,
    1168,
    1444,
    1828,
    1964,
    2009,
    2009,
    2031,
    2053,
    2062,
    2115,
    2136,
    2152,
    2211,
    2387,
    2399,
    2404,
    2504,
    2588,
    2852,
    4080,
    4139,
    4209,
    4375,
    4475,
    4531,
    4544,
    4558,
    4576,
    4631,
    4634,
    4706,
    4910,
    5073
   ],
   "AverageLatency": 960.5151515151515,
   "MedianLatency": 371,
   "Throughput": 4.45945945945946,
   "ThroughputSeconds": [
    0,
    0,
    0,
    0,
    6,
    6,
    5,
    6,
    5,
    8,
    5,
    8,
    7,
    6,
    5,
    7,
    8,
    5,
    6,
    8,
    7,
    7,
    7,
    5,
    7,
    5,
    6,
    6,
    6,
    2,
    2,
    3,
    1,
    0,
    0,
    0,
    0
   ],
   "Success": 165,
   "Fail": 85
  },
  {
   "TxLatencies": [
    141,
    142,
    154,
    154,
    165,
    165,
    171,
    171,
    181,
    181,
    183,
    183,
    190,
    193,
    193,
    219,
    219,
    220,
    224,
    225,
    227,
    234,
    234,
    234,
    235,
    238,
    239,
    241,
    248,
    251,
    256,
    257,
    260,
    261,
    269,
    269,
    269,
    277,
    281,
    281,
    290,
    297,
    301,
    305,
    307,
    307,
    308,
    308,
    310,
    314,
    325,
    326,
    327,
    327,
    328,
    329,
    330,
    333,
    333,
    335,
    342,
    344,
    347,
    349,
    349,
    352,
    352,
    353,
    355,
    355,
    355,
    356,
    359,
    364,
    364,
    366,
    372,
    372,
    374,
    376,
    376,
    379,
    382,
    382,
    382,
    392,
    397,
    400,
    403,
    404,
    404,
    404,
    404,
    410,
    435,
    440,
    442,
    442,
    445,
    452,
    459,
    475,
    500,
    500,
    802,
    821,
    821,
    856,
    859,
    873,
    886,
    912,
    916,
    971,
    994,
    1001,
    1120,
    1148,
    1870,
    1981,
    2097,
    2161,
    2175,
    2263,
    2443,
    2559,
    2562,
    4063,
    4236,
    4257,
    4328,
    4376,
    4437,
    4440,
    4465,
    4492,
    4533,
    4536,
    4550,
    4551,
    4617,
    4665,
    4690,
    4805,
    4898,
    5133
   ],
   "AverageLatency": 1037.6917808219177,
   "MedianLatency": 361.5,
   "Throughput": 3.945945945945946,
   "ThroughputSeconds": [
    0,
    0,
    0,
    0,
    3,
    7,
    5,
    4,
    3,
    5,
    9,
    7,
    8,
    8,
    7,
    7,
    3,
    7,
    7,
    4,
    3,
    6,
    5,
    5,
    6,
    5,
    4,
    5,
    7,
    3,
    2,
    0,
    1,
    0,
    0,
    0,
    0
   ],