{
 "RawResults": [
  [
   {
    "TxLatencies": [
     912,
     378,
     363,
     339,
     398,
     456,
     295,
     398,
     1063,
     4497,
     880,
     803,
     271,
     978,
     496,
     304,
     2483,
     390,
     164,
     996,
     240,
     988,
     228,
     460,
     260,
     287,
     188,
     393,
     691,
     427,
     2234,
     225,
     2468,
     363,
     453,
     1136,
     278,
     886,
     349,
     371,
     373,
     334,
     2412,
     202,
     262,
     4502,
     393,
     311,
     256,
     296,
     299,
     443,
     270,
     4300,
     249,
     4805,
     1050,
     4637,
     339,
     171,
     241,
     228,
     1051,
     276,
     262,
     273,
     4686,
     369,
     292,
     4638,
     281,
     460,
     282,
     4238,
     340,
     666,
     155,
     228,
     360,
     298,
     485,
     1975,
     210,
     1357,
     363,
     4523,
     2471,
     955,
     459,
     232,
     1775,
     428,
     970,
     299,
     262,
     431,
     379,
     3942,
     394,
     255,
     246,
     407,
     2349,
     254,
     385,
     171,
     4322,
     286,
     4932,
     414,
     944,
     4599,
     4436,
     4278,
     216,
     308,
     188,
     314,
     412,
     1112,
     286,
     1205,
     850,
     4388,
     4466,
     369,
     2958,
     210,
     349,
     212,
     427,
     358,
     264,
     203,
     241,
     903,
     315,
     221,
     246,
     221,
     286,
     315,
     386,
     212,
     272,
     271,
     345,
     240,
     193,
     806,
     256,
     421,
     281,
     4512
    ],
    "AverageLatency": 1010.0194805194806,
    "MedianLatency": 0,
    "Throughput": 4.162162162162162,
    "ThroughputSeconds": [
     0,
     0,
     0,
     0,
     5,
     7,
     4,
     4,
     4,
     7,
     8,
     5,
     6,
     7,
     5,
     8,
     5,
     5,
     7,
     6,
     7,
     6,
     5,
     4,
     8,
     5,
     6,
     4,
     8,
     4,
     2,
     2,
     0,
     0,
     0,
     0,
     0
    ],
    "Success": 154,
    "Fail": 96
   }
  ],
  [
   {
    "TxLatencies": [
     138,
     4319,
     189,
     398,
     157,
     237,
     213,
     325,
     193,
     186,
     4868,
     265,
     379,
     1879,
     2044,
     350,
     215,
     322,
     322,
     408,
     301,
     412,
     295,
     241,
     502,
     1139,
     441,
     445,
     4404,
     254,
     2190,
     341,
     214,
     322,
     861,
     377,
     4024,
     1986,
     505,
     1001,
     137,
     904,
     370,
     331,
     846,
     295,
     215,
     4540,
     414,
     317,
     137,
     339,
     862,
     514,
     162,
     221,
     215,
     355,
     332,
     186,
     342,
     4820,
     246,
     378,
     237,
     471,
     2069,
     4642,
     485,
     214,
     345,
     233,
     4161,
     347,
     214,
     428,
     173,
     262,
     305,
     2171,
     824,
     362,
     295,
     2496,
     316,
     1873,
     162,
     795,
     189,
     773,
     313,
     1807,
     378,
     394,
     222,
     262,
     295,
     340,
     254,
     190,
     370,
     1294,
     138,
     321,
     339,
     4518,
     937,
     138,
     944,
     4457,
     139,
     340,
     197,
     139,
     143,
     240,
     270,
     811,
     197,
     4152,
     428,
     4504,
     309,
     332,
     463,
     871,
     481,
     360,
     295,
     262,
     209,
     432,
     983,
     4340,
     940,
     209,
     249,
     267,
     303,
     2554,
     228,
     278,
     326,
     399,
     4087,
     4486,
     4527,
     307,
     305,
     453,
     782,
     377,
     2121
    ],
    "AverageLatency": 928.0261437908497,
    "MedianLatency": 0,
    "Throughput": 4.135135135135135,
    "ThroughputSeconds": [
     0,
     0,
     0,
     0,
     4,
     6,
     6,
     6,
     4,
     4,
     7,
     8,
     10,
     6,
     7,
     8,
     7,
     8,
     7,
     5,
     2,
     7,
     6,
     7,
     3,
     5,
     4,
     4,
     6,
     2,
     2,
     1,
     1,
     0,
     0,
     0,
     0
    ],
    "Success": 153,
    "Fail": 97
   }
  ]
 ],
 "SecondaryResults": [
  {
   "TxLatencies": [
    155,
    164,
    171,
    171,
    188,
    188,
    193,
    202,
    203,
    210,
    210,
    212,
    212,
    216,
    221,
    221,
    225,
    228,
    228,
    228,
    232,
    240,
    240,
    241,
    241,
    246,
    246,
    249,
    254,
    255,
    256,
    256,
    260,
    262,
    262,
    262,
    264,
    270,
    271,
    271,
    272,
    273,
    276,
    278,
    281,
    281,
    282,
    286,
    286,
    286,
    287,
    292,
    295,
    296,
    298,
    299,
    299,
    304,
    308,
    311,
    314,
    315,
    315,
    334,
    339,
    339,
    340,
    345,
    349,
    349,
    358,
    360,
    363,
    363,
    363,
    369,
    369,
    371,
    373,
    378,
    379,
    385,
    386,
    390,
    393,
    393,
    394,
    398,
    398,
    407,
    412,
    414,
    421,
    427,
    427,
    428,
    431,
    443,
    453,
    456,
    459,
    460,
    460,
    485,
    496,
    666,
    691,
    803,
    806,
    850,
    880,
    886,
    903,
    912,
    944,
    955,
    970,
    978,
    988,
    996,
    1050,
    1051,
    1063,
    1112,
    1136,
    1205,
    1357,
    1775,
    1975,
    2234,
    2349,
    2412,
    2468,
    2471,
    2483,
    2958,
    3942,
    4238,
    4278,
    4300,
    4322,
    4388,
    4436,
    4466,
    4497,
    4502,
    4512,
    4523,
    4599,
    4637,
    4638,
    4686,
    4805,
    4932
   ],
   "AverageLatency": 1010.0194805194806,
   "MedianLatency": 370,
   "Throughput": 4.162162162162162,
   "ThroughputSeconds": [
    0,
    0,
    0,
    0,
    5,
    7,
    4,
    4,
    4,
    7,
    8,
    5,
    6,
    7,
    5,
    8,
    5,
    5,
    7,
    6,
    7,
    6,
    5,
    4,
    8,
    5,
    6,
    4,
    8,
    4,
    2,
    2,
    0,
    0,
    0,
    0,
    0
   ],
   "Success": 154,
   "Fail": 96
  },
  {
   "TxLatencies": [
    137,
    137,
    138,
    138,
    138,
    139,
    139,
    143,
    157,
    162,
    162,
    173,
    186,
    186,
    189,
    189,
    190,
    193,
    197,
    197,
    209,
    209,
    213,
    214,
    214,
    214,
    215,
    215,
    215,
    221,
    222,
    228,
    233,
    237,
    237,
    240,
    241,
    246,
    249,
    254,
    254,
    262,
    262,
    262,
    265,
    267,
    270,
    278,
    295,
    295,
    295,
    295,
    295,
    301,
    303,
    305,
    305,
    307,
    309,
    313,
    316,
    317,
    321,
    322,
    322,
    322,
    325,
    326,
    331,
    332,
    332,
    339,
    339,
    340,
    340,
    341,
    342,
    345,
    347,
    350,
    355,
    360,
    362,
    370,
    370,
    377,
    377,
    378,
    378,
    379,
    394,
    398,
    399,
    408,
    412,
    414,
    428,
    428,
    432,
    441,
    445,
    453,
    463,
    471,
    481,
    485,
    502,
    505,
    514,
    773,
    782,
    795,
    811,
    824,
    846,
    861,
    862,
    871,
    904,
    937,
    940,
    944,
    983,
    1001,
    1139,
    1294,
    1807,
    1873,
    1879,
    1986,
    2044,
    2069,
    2121,
    2171,
    2190,
    2496,
    2554,
    4024,
    4087,
    4152,
    4161,
    4319,
    4340,
    4404,
    4457,
    4486,
    4504,
    4518,
    4527,
    4540,
    4642,
    4820,
    4868
   ],
   "AverageLatency": 928.0261437908497,
   "MedianLatency": 342,
   "Throughput": 4.135135135135135,
   "ThroughputSeconds": [
    0,
    0,
    0,
    0,
    4,
    6,
    6,
    6,
    4,
    4,
    7,
    8,
    10,
    6,
    7,
    8,
    7,
    8,
    7,
    5,
    2,
    7,
    6,
    7,
    3,
    5,
    4,
    4,
    6,
    2,
    2,
    1,
    1,
    0,
    0,
    0,
    0
   ],
   "Success": 153,
   "Fail": 97
  }
 ],
 "MinLatency": 137,