{
 "RawResults": [
  [
   {
    "TxLatencies": [
     337,
     4085,
     304,
     297,
     393,
     222,
     949,
     393,
     320,
     318,
     249,
     273,
     903,
     407,
     367,
     446,
     403,
     197,
     299,
     285,
     270,
     392,
     446,
     4636,
     2013,
     418,
     961,
     4101,
     267,
     749,
     507,
     247,
     206,
     4083,
     237,
     251,
     4589,
     407,
     973,
     329,
     227,
     310,
     1943,
     4828,
     4516,
     330,
     189,
     253,
     295,
     4625,
     367,
     302,
     4706,
     225,
     299,
     333,
     420,
     362,
     390,
     234,
     381,
     195,
     154,
     401,
     211,
     1048,
     2357,
     304,
     4618,
     367,
     227,
     302,
     1780,
     420,
     385,
     285,
     189,
     464,
     379,
     1109,
     882,
     1038,
     1157,
     305,
     738,
     4199,
     357,
     245,
     401,
     362,
     448,
     401,
     4031,
     4717,
     4499,
     197,
     150,
     4548,
     350,
     234,
     4641,
     349,
     817,
     249,
     260,
     1995,
     343,
     321,
     448,
     360,
     265,
     824,
     284,
     4862,
     402,
     1976,
     720,
     249,
     448,
     2050,
     4493,
     204,
     466,
     281,
     313,
     328,
     299,
     346,
     206,
     939,
     282,
     366,
     2090,
     313,
     206,
     223,
     287,
     220,
     219,
     234,
     378,
     866,
     237,
     4566,
     4807,
     369,
     375,
     441,
     2191
    ],
    "AverageLatency": 1046.4832214765102,
    "MedianLatency": 0,
    "Throughput": 4.027027027027027,
    "ThroughputSeconds": [
     0,
     0,
     0,
     0,
     5,
     5,
     4,
     4,
     4,
     6,
     6,
     5,
     8,
     6,
     5,
     9,
     8,
     4,
     8,
     6,
     4,
     4,
     5,
     7,
     7,
     6,
     6,
     5,
     7,
     2,
     1,
     1,
     1,
     0,
     0,
     0,
     0
    ],
    "Success": 149,
    "Fail": 101
   }
  ],
  [
   {
    "TxLatencies": [
     202,
     309,
     366,
     245,
     261,
     373,
     2029,
     1139,
     302,
     151,
     229,
     4480,
     200,
     256,
     872,
     830,
     397,
     206,
     164,
     330,
     210,
     430,
     363,
     926,
     198,
     3953,
     314,
     247,
     4262,
     224,
     2116,
     896,
     401,
     4423,
     246,
     373,
     253,
     3983,
     248,
     343,
     4409,
     919,
     893,
     272,
     4376,
     4128,
     145,
     1955,
     220,
     275,
     157,
     370,
     434,
     272,
     302,
     769,
     467,
     207,
     4430,
     143,
     4364,
     396,
     792,
     157,
     434,
     342,
     931,
     271,
     227,
     279,
     220,
     1983,
     185,
     338,
     250,
     1861,
     1074,
     3798,
     4467,
     139,
     321,
     275,
     249,
     258,
     288,
     200,
     261,
     2059,
     164,
     261,
     376,
     198,
     4834,
     246,
     2294,
     1052,
     229,
     4459,
     315,
     348,
     245,
     309,
     807,
     220,
     338,
     369,
     347,
     288,
     154,
     262,
     307,
     363,
     209,
     315,
     2225,
     197,
     440,
     1025,
     324,
     1019,
     313,
     275,
     504,
     841,
     131,
     263,
     220,
     200,
     4587,
     1723,
     370,
     244,
     1855,
     252,
     179,
     4372,
     324,
     904,
     1043,
     786,
     425,
     341,
     341,
     4386,
     302,
     229,
     285,
     4223,
     782,
     846,
     351,
     6164,
     876,
     131,
     321,
     172,
     1934,
     4168,
     150
    ],
    "AverageLatency": 1004.1761006289308,
    "MedianLatency": 0,
    "Throughput": 4.297297297297297,
    "ThroughputSeconds": [
     0,
     0,
     0,
     0,
     4,
     4,
     7,
     5,
     4,
     5,
     8,
     8,
     7,
     6,
     10,
     7,
     4,
     10,
     5,
     5,
     5,
     7,
     6,
     6,
     5,
     8,
     5,
     5,
     6,
     3,
     1,
     1,
     1,
     0,
     1,
     0,
     0
    ],
    "Success": 159,
    "Fail": 91
   }
  ]
 ],
 "SecondaryResults": [
  {
   "TxLatencies": [
    150,
    154,
    189,
    189,
    195,
    197,
    197,
    204,
    206,
    206,
    206,
    211,
    219,
    220,
    222,
    223,
    225,
    227,
    227,
    234,
    234,
    234,
    237,
    237,
    245,
    247,
    249,
    249,
    249,
    251,
    253,
    260,
    265,
    267,
    270,
    273,
    281,
    282,
    284,
    285,
    285,
    287,
    295,
    297,
    299,
    299,
    299,
    302,
    302,
    304,
    304,
    305,
    310,
    313,
    313,
    318,
    320,
    321,
    328,
    329,
    330,
    333,
    337,
    343,
    346,
    349,
    350,
    357,
    360,
    362,
    362,
    366,
    367,
    367,
    367,
    369,
    375,
    378,
    379,
    381,
    385,
    390,
    392,
    393,
    393,
    401,
    401,
    401,
    402,
    403,
    407,
    407,
    418,
    420,
    420,
    441,
    446,
    446,
    448,
    448,
    448,
    464,
    466,
    507,
    720,
    738,
    749,
    817,
    824,
    866,
    882,
    903,
    939,
    949,
    961,
    973,
    1038,
    1048,
    1109,
    1157,
    1780,
    1943,
    1976,
    1995,
    2013,
    2050,
    2090,
    2191,
    2357,
    4031,
    4083,
    4085,
    4101,
    4199,
    4493,
    4499,
    4516,
    4548,
    4566,
    4589,
    4618,
    4625,
    4636,
    4641,
    4706,
    4717,
    4807,
    4828,
    4862
   ],
   "AverageLatency": 1046.4832214765102,
   "MedianLatency": 367,
   "Throughput": 4.027027027027027,
   "ThroughputSeconds": [
    0,
    0,
    0,
    0,
    5,
    5,
    4,
    4,
    4,
    6,
    6,
    5,
    8,
    6,
    5,
    9,
    8,
    4,
    8,
    6,
    4,
    4,
    5,
    7,
    7,
    6,
    6,
    5,
    7,
    2,
    1,
    1,
    1,
    0,
    0,
    0,
    0
   ],
   "Success": 149,
   "Fail": 101
  },
  {
   "TxLatencies": [
    131,
    131,
    139,
    143,
    145,
    150,
    151,
    154,
    157,
    157,
    164,
    164,
    172,
    179,
    185,
    197,
    198,
    198,
    200,
    200,
    200,
    202,
    206,
    207,
    209,
    210,
    220,
    220,
    220,
    220,
    224,
    227,
    229,
    229,
    229,
    244,
    245,
    245,
    246,
    246,
    247,
    248,
    249,
    250,
    252,
    253,
    256,
    258,
    261,
    261,
    261,
    262,
    263,
    271,
    272,
    272,
    275,
    275,
    275,
    279,
    285,
    288,
    288,
    302,
    302,
    302,
    307,
    309,
    309,
    313,
    314,
    315,
    315,
    321,
    321,
    324,
    324,
    330,
    338,
    338,
    341,
    341,
    342,
    343,
    347,
    348,
    351,
    363,
    363,
    366,
    369,
    370,
    370,
    373,
    373,
    376,
    396,
    397,
    401,
    425,
    430,
    434,
    434,
    440,
    467,
    504,
    769,
    782,
    786,
    792,
    807,
    830,
    841,
    846,
    872,
    876,
    893,
    896,
    904,
    919,
    926,
    931,
    1019,
    1025,
    1043,
    1052,
    1074,
    1139,
    1723,
    1855,
    1861,
    1934,
    1955,
    1983,
    2029,
    2059,
    2116,
    2225,
    2294,
    3798,
    3953,
    3983,
    4128,
    4168,
    4223,
    4262,
    4364,
    4372,
    4376,
    4386,
    4409,
    4423,
    4430,
    4459,
    4467,
    4480,
    4587,
    4834,
    6164
   ],
   "AverageLatency": 1004.1761006289308,
   "MedianLatency": 338,
   "Throughput": 4.297297297297297,
   "ThroughputSeconds": [
    0,
    0,
    0,
    0,
    4,
    4,
    7,
    5,
    4,
    5,
    8,
    8,
    7,
    6,
    10,
    7,
    4,
    10,
    5,
    5,
    5,
    7,
    6,
    6,
    5,
    8,
    5,
    5,
    6,
    3,
    1,
    1,
    1,
    0,
    1,
    0,
    0
   ],
   "Success": 159,
   "Fail": 91
  }
 ],