{
 "RawResults": [
  [
   {
    "TxLatencies": [
     4683,
     1045,
     1126,
     2392,
     2475,
     4122,
     839,
     2457,
     1088,
     4482,
     4208,
     4625,
     4159,
     919,
     2136,
     2218,
     792,
     1205,
     112,
     168,
     2240,
     1062,
     2627,
     5036,
     228,
     973,
     938,
     2643,
     228,
     2179,
     1348,
     2947,
     1927,
     2695,
     1146,
     2330,
     4771,
     5036,
     2444,
     5715,
     3943,
     835,
     278,
     2818,
     829,
     1140
    ],
    "AverageLatency": 2252.3260869565215,
    "MedianLatency": 0,
    "Throughput": 1.2432432432432432,
    "ThroughputSeconds": [
     0,
     0,
     0,
     0,
     1,
     2,
     3,
     2,
     0,
     1,
     2,
     1,
     2,
     2,
     1,
     1,
     1,
     2,
     0,
     3,
     1,
     1,
     2,
     3,
     0,
     2,
     2,
     3,
     3,
     3,
     1,
     0,
     1,
     0,
     0,
     0,
     0
    ],
    "Success": 46,
    "Fail": 204
   }
  ],
  [
   {
    "TxLatencies": [
     2774,
     4243,
     4715,
     4981,
     1897,
     1023,
     160,
     4218,
     5320,
     1187,
     1862,
     4744,
     2488,
     2768,
     2456,
     1991,
     4853,
     85,
     4159,
     245,
     1009,
     4464,
     4899,
     5037,
     4711,
     128,
     4333,
     4156,
     223,
     100,
     153,
     4896,
     803,
     810,
     843,
     4886,
     2535,
     4833,
     2895,
     4773,
     1895,
     2240,
     4022,
     2824,
     3023,
     4950,
     735,
     1323
    ],
    "AverageLatency": 2784.75,
    "MedianLatency": 0,
    "Throughput": 1.2972972972972974,
    "ThroughputSeconds": [
     0,
     0,
     0,
     0,
     1,
     1,
     1,
     3,
     3,
     3,
     1,
     2,
     2,
     2,
     3,
     2,
     2,
     1,
     1,
     2,
     1,
     1,
     2,
     2,
     3,
     2,
     2,
     0,
     0,
     1,
     2,
     1,
     1,
     0,
     0,
     0,
     0
    ],
    "Success": 48,
    "Fail": 202
   }
  ]
 ],
 "SecondaryResults": [
  {
   "TxLatencies": [
    112,
    168,
    228,
    228,
    278,
    792,
    829,
    835,
    839,
    919,
    938,
    973,
    1045,
    1062,
    1088,
    1126,
    1140,
    1146,
    1205,
    1348,
    1927,
    2136,
    2179,
    2218,
    2240,
    2330,
    2392,
    2444,
    2457,
    2475,
    2627,
    2643,
    2695,
    2818,
    2947,
    3943,
    4122,
    4159,
    4208,
    4482,
    4625,
    4683,
    4771,
    5036,
    5036,
    5715
   ],
   "AverageLatency": 2252.3260869565215,
   "MedianLatency": 2198.5,
   "Throughput": 1.2432432432432432,
   "ThroughputSeconds": [
    0,
    0,
    0,
    0,
    1,
    2,
    3,
    2,
    0,
    1,
    2,
    1,
    2,
    2,
    1,
    1,
    1,
    2,
    0,
    3,
    1,
    1,
    2,
    3,
    0,
    2,
    2,
    3,
    3,
    3,
    1,
    0,
    1,
    0,
    0,
    0,
    0
   ],
   "Success": 46,
   "Fail": 204
  },
  {
   "TxLatencies": [
    85,
    100,
    128,
    153,
    160,
    223,
    245,
    735,
    803,
    810,
    843,
    1009,
    1023,
    1187,
    1323,
    1862,
    1895,
    1897,
    1991,
    2240,
    2456,
    2488,
    2535,
    2768,
    2774,
    2824,
    2895,
    3023,
    4022,
    4156,
    4159,
    4218,
    4243,
    4333,
    4464,
    4711,
    4715,
    4744,
    4773,
    4833,
    4853,
    4886,
    4896,
    4899,
    4950,
    4981,
    5037,
    5320
   ],
   "AverageLatency": 2784.75,
   "MedianLatency": 2771,
   "Throughput": 1.2972972972972974,
   "ThroughputSeconds": [
    0,
    0,
    0,
    0,
    1,
    1,
    1,
    3,
    3,
    3,
    1,
    2,
    2,
    2,
    3,
    2,
    2,
    1,
    1,
    2,
    1,
    1,
    2,
    2,
    3,
    2,
    2,
    0,
    0,
    1,
    2,
    1,
    1,
    0,
    0,
    0,
    0
   ],
   "Success": 48,
   "Fail": 202
  }
 ],
 "MinLatency": 85,
 "AverageLatency": 2518.538043478261,
 "MaxLatency": 5715,
 "MedianLatency": 2518.538043478261,
 "AllTxLatencies": [
  4683,
  1045,
  1126,
  2392,
  2475,
  4122,
  839,
  2457,
  1088,
  4482,
  4208,
  4625,
  4159,
  919,
  2136,
  2218,
  792,
  1205,
  112,
  168,
  2240,
  1062,
  2627,
  5036,
  228,
  973,
  938,
  2643,
  228,
  2179,
  1348,
  2947,
  1927,
  2695,
  1146,
  2330,
  4771,
  5036,
  2444,
  5715,
  3943,
  835,
  278,
  2818,
  829,
  1140,
  2774,
  4243,
  4715,
  4981,
  1897,
  1023,
  160,
  4218,
  5320,
  1187,
  1862,
  4744,
  2488,
  2768,
  2456,
  1991,
  4853,
  85,
  4159,
  245,
  1009,
  4464,
  4899,
  5037,
  4711,
  128,
  4333,
  4156,
  223,
  100,
  153,
  4896,
  803,
  810,
  843,
  4886,
  2535,
  4833,
  2895,
  4773,
  1895,
  2240,
  4022,
  2824,
  3023,
  4950,
  735,
  1323
 ],
 "TotalThroughputOverTime": [
  0,
  0,
  0,
  0,
  2,
  3,
  4,
  5,
  3,
  4,
  3,
  3,
  4,
  4,
  4,
  3,
  3,
  3,
  1,
  5,
  2,
  2,
  4,
  5,
  3,
  4,
  4,
  3,
  3,
  4,
  3,
  1,
  2,
  0,
  0,
  0,
  0
 ],
 "AverageThroughputSecondaries": [
  1.2432432432432432,
  1.2972972972972974
 ],
 "TotalThrouhgputPerSecondaryPerWindow": [
  [
   0,
   0,
   0,
   0,
   1,
   2,
   3,
   2,
   0,
   1,
   2,
   1,
   2,
   2,
   1,
   1,
   1,
   2,
   0,
   3,
   1,
   1,
   2,
   3,
   0,
   2,
   2,
   3,
   3,
   3,
   1,
   0,
   1,
   0,
   0,
   0,
   0
  ],
  [
   0,
   0,
   0,
   0,
   1,
   1,
   1,
   3,
   3,
   3,
   1,
   2,
   2,
   2,
   3,
   2,
   2,
   1,
   1,
   2,
   1,
   1,
   2,
   2,
   3,
   2,
   2,
   0,
   0,
   1,
   2,
   1,
   1,
   0,
   0,
   0,
   0
  ]
 ],
 "MaximumThroughput": 5,
 "MinimumThroughput": 0,
 "AverageThroughput": 2.5405405405405403,
 "TotalSuccess": 94,
 "TotalFails": 406
}