{
 "RawResults": [
  [
   {
    "TxLatencies": [
     2159,
     176,
     1118,
     176,
     176,
     1233,
     1122,
     1259,
     118,
     1122,
     2258,
     2258,
     233,
     262,
     2126,
     1272,
     911,
     1122,
     1518,
     2176,
     1911,
     1233,
     1233,
     486,
     2176,
     1259,
     262,
     1122,
     2118,
     518,
     1176,
     2118,
     1159,
     2258,
     8267,
     1233,
     2176,
     1122,
     1272,
     2118,
     2176,
     2272,
     233,
     2272,
     486,
     118,
     2272,
     2159,
     1272,
     262,
     1518,
     1911,
     1259,
     518,
     2261,
     1272,
     1272,
     1233,
     176,
     2126,
     518,
     1233,
     1176,
     1176,
     272,
     2159,
     272,
     2176,
     1911,
     1518,
     486,
     518,
     1159,
     2255,
     233,
     2118,
     1176,
     7521,
     911,
     3517,
     1122,
     1118,
     1911,
     1176,
     3911,
     2176,
     1233,
     1518,
     272,
     2126,
     1259,
     1118,
     1518,
     118,
     1911,
     2118,
     1118,
     1259,
     2118,
     911,
     262,
     1259,
     2258,
     1122,
     1259,
     1233
    ],
    "AverageLatency": 1460.2735849056603,
    "MedianLatency": 0,
    "Throughput": 2.789473684210526,
    "ThroughputSeconds": [
     0,
     0,
     0,
     0,
     0,
     0,
     13,
     0,
     0,
     5,
     0,
     15,
     0,
     9,
     0,
     0,
     10,
     0,
     8,
     10,
     0,
     3,
     0,
     12,
     0,
     8,
     3,
     0,
     8,
     0,
     1,
     0,
     1,
     0,
     0,
     0,
     0,
     0
    ],
    "Success": 106,
    "Fail": 144
   }
  ],
  [
   {
    "TxLatencies": [
     487,
     1236,
     1260,
     1261,
     236,
     1107,
     1911,
     2123,
     1107,
     2118,
     177,
     1911,
     118,
     2233,
     261,
     2177,
     2123,
     1911,
     177,
     911,
     1177,
     2272,
     911,
     118,
     3177,
     262,
     1911,
     1518,
     272,
     2272,
     7487,
     2177,
     1260,
     518,
     118,
     177,
     1260,
     1118,
     2259,
     4236,
     1272,
     1261,
     2259,
     1518,
     2159,
     3243,
     272,
     2159,
     1260,
     1233,
     2118,
     1159,
     1118,
     1107,
     2118,
     236,
     2118,
     1259,
     272,
     118,
     2123,
     1236,
     177,
     1233,
     261,
     2123,
     1118,
     2272,
     2236,
     1911,
     236,
     911,
     1236,
     1159,
     1177,
     177,
     911,
     518,
     1518,
     1260,
     236,
     1177,
     1177,
     1118,
     1177,
     1118,
     1272,
     8255,
     487,
     1518,
     262,
     2259,
     7625,
     2123,
     487,
     2160,
     518,
     911,
     1107,
     2272,
     1518,
     1177,
     2159,
     1911,
     2177,
     2123,
     2272,
     1159,
     177
    ],
    "AverageLatency": 1498.4311926605506,
    "MedianLatency": 0,
    "Throughput": 2.8684210526315788,
    "ThroughputSeconds": [
     0,
     0,
     0,
     0,
     0,
     0,
     13,
     0,
     0,
     7,
     0,
     16,
     0,
     11,
     0,
     0,
     10,
     0,
     10,
     8,
     0,
     3,
     0,
     10,
     0,
     9,
     4,
     0,
     6,
     0,
     1,
     0,
     0,
     0,
     0,
     1,
     0,
     0
    ],
    "Success": 109,
    "Fail": 141
   }
  ]
 ],
 "SecondaryResults": [
  {
   "TxLatencies": [
    118,
    118,
    118,
    176,
    176,
    176,
    176,
    233,
    233,
    233,
    262,
    262,
    262,
    262,
    272,
    272,
    272,
    486,
    486,
    486,
    518,
    518,
    518,
    518,
    911,
    911,
    911,
    1118,
    1118,
    1118,
    1118,
    1122,
    1122,
    1122,
    1122,
    1122,
    1122,
    1122,
    1159,
    1159,
    1176,
    1176,
    1176,
    1176,
    1176,
    1233,
    1233,
    1233,
    1233,
    1233,
    1233,
    1233,
    1233,
    1259,
    1259,
    1259,
    1259,
    1259,
    1259,
    1259,
    1272,
    1272,
    1272,
    1272,
    1272,
    1518,
    1518,
    1518,
    1518,
    1518,
    1911,
    1911,
    1911,
    1911,
    1911,
    2118,
    2118,
    2118,
    2118,
    2118,
    2118,
    2126,
    2126,
    2126,
    2159,
    2159,
    2159,
    2176,
    2176,
    2176,
    2176,
    2176,
    2176,
    2255,
    2258,
    2258,
    2258,
    2258,
    2261,
    2272,
    2272,
    2272,
    3517,
    3911,
    7521,
    8267
   ],
   "AverageLatency": 1460.2735849056603,
   "MedianLatency": 1246,
   "Throughput": 2.789473684210526,
   "ThroughputSeconds": [
    0,
    0,
    0,
    0,
    0,
    0,
    13,
    0,
    0,
    5,
    0,
    15,
    0,
    9,
    0,
    0,
    10,
    0,
    8,
    10,
    0,
    3,
    0,
    12,
    0,
    8,
    3,
    0,
    8,
    0,
    1,
    0,
    1,
    0,
    0,
    0,
    0,
    0
   ],
   "Success": 106,
   "Fail": 144
  },
  {
   "TxLatencies": [
    118,
    118,
    118,
    118,
    177,
    177,
    177,
    177,
    177,
    177,
    236,
    236,
    236,
    236,
    261,
    261,
    262,
    262,
    272,
    272,
    272,
    487,
    487,
    487,
    518,
    518,
    518,
    911,
    911,
    911,
    911,
    911,
    1107,
    1107,
    1107,
    1107,
    1118,
    1118,
    1118,
    1118,
    1118,
    1159,
    1159,
    1159,
    1177,
    1177,
    1177,
    1177,
    1177,
    1177,
    1233,
    1233,
    1236,
    1236,
    1236,
    1259,
    1260,
    1260,
    1260,
    1260,
    1260,
    1261,
    1261,
    1272,
    1272,
    1518,
    1518,
    1518,
    1518,
    1518,
    1911,
    1911,
    1911,
    1911,
    1911,
    1911,
    2118,
    2118,
    2118,
    2118,
    2123,
    2123,
    2123,
    2123,
    2123,
    2123,
    2159,
    2159,
    2159,
    2160,
    2177,
    2177,
    2177,
    2233,
    2236,
    2259,
    2259,
    2259,
    2272,
    2272,
    2272,
    2272,
    2272,
    3177,
    3243,
    4236,
    7487,
    7625,
    8255
   ],
   "AverageLatency": 1498.4311926605506,
   "MedianLatency": 1236,
   "Throughput": 2.8684210526315788,
   "ThroughputSeconds": [
    0,
    0,
    0,
    0,
    0,
    0,
    13,
    0,
    0,
    7,
    0,
    16,
    0,
    11,
    0,
    0,
    10,
    0,
    10,
    8,
    0,
    3,
    0,
    10,
    0,
    9,
    4,
    0,
    6,
    0,
    1,
    0,
    0,
    0,
    0,
    1,
    0,
    0
   ],
   "Success": 109,
   "Fail": 141
  }
 ],
 "MinLatency": 118,
 "AverageLatency": 1479.3523887831054,
 "MaxLatency": 8267,
 "MedianLatency": 1479.3523887831054,