{
 "RawResults": [
  [
   {
    "TxLatencies": [
     4697,
     178,
     163,
     2076,
     67,
     146,
     189,
     136,
     166,
     824,
     2905,
     189,
     792,
     145,
     1935,
     1941,
     124,
     2069,
     215,
     739,
     302,
     4226,
     719,
     144,
     109,
     1719,
     76,
     4069,
     792,
     87,
     86,
     718,
     108,
     94,
     95,
     182,
     189,
     1740,
     4218,
     1943,
     2098,
     199,
     1895,
     4698,
     2076,
     131,
     150,
     2020,
     160,
     147,
     91,
     158,
     142,
     181,
     718,
     1781,
     87,
     697,
     95,
     218,
     109,
     213,
     747,
     1834,
     87,
     159,
     1882,
     2097,
     95,
     150,
     94,
     1896,
     3948,
     124,
     4162,
     4150,
     1802,
     1974,
     71,
     1773,
     2399,
     150,
     146,
     4763,
     114,
     1914,
     733,
     158,
     149,
     86,
     2843,
     166,
     217,
     312,
     95,
     166,
     114,
     166,
     166,
     719,
     158,
     87,
     179,
     302,
     2060,
     189,
     2025,
     95,
     1923,
     187,
     791,
     1822,
     4142,
     108,
     150,
     136,
     4975,
     158,
     231,
     163,
     158,
     804,
     87,
     158,
     95,
     4153,
     739,
     124,
     1831,
     4213,
     75,
     160,
     67,
     3997,
     91,
     1830,
     698,
     944,
     172,
     151,
     4846,
     215,
     822,
     1708,
     87,
     3844,
     1937,
     684,
     178,
     2093,
     230,
     1301,
     4208,
     114,
     809,
     720,
     794,
     142,
     4161,
     76,
     1062,
     109,
     151,
     1884,
     166,
     4805,
     805,
     156,
     2215,
     124,
     1937,
     151,
     1908,
     4311,
     112,
     170,
     4162,
     178,
     151,
     109,
     180,
     109,
     87,
     708,
     150,
     188,
     102
    ],
    "AverageLatency": 1056.5989304812833,
    "MedianLatency": 0,
    "Throughput": 5.054054054054054,
    "ThroughputSeconds": [
     0,
     0,
     1,
     0,
     6,
     4,
     11,
     4,
     9,
     9,
     11,
     6,
     7,
     7,
     6,
     10,
     7,
     10,
     7,
     7,
     6,
     7,
     5,
     6,
     4,
     10,
     7,
     5,
     8,
     3,
     1,
     2,
     1,
     0,
     0,
     0,
     0
    ],
    "Success": 187,
    "Fail": 314
   }
  ]
 ],
 "SecondaryResults": [
  {
   "TxLatencies": [
    67,
    67,
    71,
    75,
    76,
    76,
    86,
    86,
    87,
    87,
    87,
    87,
    87,
    87,
    87,
    91,
    91,
    94,
    94,
    95,
    95,
    95,
    95,
    95,
    95,
    102,
    108,
    108,
    109,
    109,
    109,
    109,
    109,
    112,
    114,
    114,
    114,
    124,
    124,
    124,
    124,
    131,
    136,
    136,
    142,
    142,
    144,
    145,
    146,
    146,
    147,
    149,
    150,
    150,
    150,
    150,
    150,
    151,
    151,
    151,
    151,
    156,
    158,
    158,
    158,
    158,
    158,
    158,
    159,
    160,
    160,
    163,
    163,
    166,
    166,
    166,
    166,
    166,
    166,
    170,
    172,
    178,
    178,
    178,
    179,
    180,
    181,
    182,
    187,
    188,
    189,
    189,
    189,
    189,
    199,
    213,
    215,
    215,
    217,
    218,
    230,
    231,
    302,
    302,
    312,
    684,
    697,
    698,
    708,
    718,
    718,
    719,
    719,
    720,
    733,
    739,
    739,
    747,
    791,
    792,
    792,
    794,
    804,
    805,
    809,
    822,
    824,
    944,
    1062,
    1301,
    1708,
    1719,
    1740,
    1773,
    1781,
    1802,
    1822,
    1830,
    1831,
    1834,
    1882,
    1884,
    1895,
    1896,
    1908,
    1914,
    1923,
    1935,
    1937,
    1937,
    1941,
    1943,
    1974,
    2020,
    2025,
    2060,
    2069,
    2076,
    2076,
    2093,
    2097,
    2098,
    2215,
    2399,
    2843,
    2905,
    3844,
    3948,
    3997,
    4069,
    4142,
    4150,
    4153,
    4161,
    4162,
    4162,
    4208,
    4213,
    4218,
    4226,
    4311,
    4697,
    4698,
    4763,
    4805,
    4846,
    4975
   ],
   "AverageLatency": 1056.5989304812833,
   "MedianLatency": 189,
   "Throughput": 5.054054054054054,
   "ThroughputSeconds": [
    0,
    0,
    1,
    0,
    6,
    4,
    11,
    4,
    9,
    9,
    11,
    6,
    7,
    7,
    6,
    10,
    7,
    10,
    7,
    7,
    6,
    7,
    5,
    6,
    4,
    10,
    7,
    5,
    8,
    3,
    1,
    2,
    1,
    0,
    0,
    0,
    0
   ],
   "Success": 187,
   "Fail": 314
  }
 ],
 "MinLatency": 67,
 "AverageLatency": 1056.5989304812833,
 "MaxLatency": 4975,
 "MedianLatency": 1056.5989304812833,
 "AllTxLatencies": [
  4697,
  178,
  163,
  2076,
  67,
  146,
  189,
  136,
  166,
  824,
  2905,
  189,
  792,
  145,
  1935,
  1941,
  124,
  2069,
  215,
  739,
  302,
  4226,
  719,
  144,
  109,
  1719,
  76,
  4069,
  792,
  87,
  86,
  718,
  108,
  94,
  95,
  182,
  189,
  1740,
  4218,
  1943,
  2098,
  199,
  1895,
  4698,
  2076,
  131,
  150,
  2020,
  160,
  147,
  91,
  158,
  142,
  181,
  718,
  1781,
  87,
  697,
  95,
  218,
  109,
  213,
  747,
  1834,
  87,
  159,
  1882,
  2097,
  95,
  150,
  94,
  1896,
  3948,
  124,
  4162,
  4150,
  1802,
  1974,
  71,
  1773,
  2399,
  150,
  146,
  4763,
  114,
  1914,
  733,
  158,
  149,
  86,
  2843,
  166,
  217,
  312,
  95,
  166,
  114,
  166,
  166,
  719,
  158,
  87,
  179,
  302,
  2060,
  189,
  2025,
  95,
  1923,
  187,
  791,
  1822,
  4142,
  108,
  150,
  136,
  4975,
  158,
  231,
  163,
  158,
  804,
  87,
  158,
  95,
  4153,
  739,
  124,
  1831,
  4213,
  75,
  160,
  67,
  3997,
  91,
  1830,
  698,
  944,
  172,
  151,
  4846,
  215,
  822,
  1708,
  87,
  3844,
  1937,
  684,
  178,
  2093,
  230,
  1301,
  4208,
  114,
  809,
  720,
  794,
  142,
  4161,
  76,
  1062,
  109,
  151,
  1884,
  166,
  4805,
  805,
  156,
  2215,
  124,
  1937,
  151,
  1908,
  4311,
  112,
  170,
  4162,
  178,
  151,
  109,
  180,
  109,
  87,
  708,
  150,
  188,
  102
 ],
 "TotalThroughputOverTime": [
  0,
  0,
  1,
  0,
  6,
  4,
  11,
  4,
  9,
  9,
  11,
  6,
  7,
  7,
  6,
  10,
  7,
  10,
  7,
  7,
  6,
  7,
  5,
  6,
  4,
  10,
  7,
  5,
  8,
  3,
  1,
  2,
  1,
  0,
  0,
  0,
  0
 ],
 "AverageThroughputSecondaries": [
  5.054054054054054
 ],
 "TotalThrouhgputPerSecondaryPerWindow": [
  [
   0,
   0,
   1,
   0,
   6,
   4,
   11,
   4,
   9,
   9,
   11,
   6,
   7,
   7,
   6,
   10,
   7,
   10,
   7,
   7,
   6,
   7,
   5,
   6,
   4,
   10,
   7,
   5,
   8,
   3,
   1,
   2,
   1,
   0,
   0,
   0,
   0
  ]
 ],
 "MaximumThroughput": 11,
 "MinimumThroughput": 0,
 "AverageThroughput": 5.054054054054054,
 "TotalSuccess": 187,
 "TotalFails": 314
}