{
 "RawResults": [
  [
   {
    "TxLatencies": [
     98,
     220,
     95,
     936,
     174,
     129,
     4171,
     168,
     160,
     109,
     118,
     1918,
     190,
     180,
     150,
     177,
     2109,
     182,
     180,
     160,
     173,
     1758,
     762,
     109,
     190,
     119,
     785,
     107,
     118,
     95,
     788,
     802,
     155,
     123,
     4267,
     107,
     196,
     145,
     848,
     107,
     161,
     759,
     155,
     901,
     5168,
     148,
     2065,
     98,
     129,
     894,
     74,
     169,
     144,
     116,
     98,
     4040,
     166,
     757,
     95,
     125,
     107,
     123,
     123,
     1934,
     155,
     170,
     118,
     1954,
     116,
     153,
     750,
     79,
     1705,
     192,
     182,
     4052,
     288,
     288,
     76,
     140,
     153,
     169,
     107,
     142,
     166,
     74,
     177,
     109,
     180,
     155,
     140,
     76,
     762,
     4117,
     79,
     155,
     169,
     2153,
     759,
     802,
     1785,
     125,
     190,
     674,
     79,
     155,
     1901,
     190,
     4762,
     809,
     162,
     140,
     4952,
     2809,
     98,
     169,
     190,
     129,
     196,
     177,
     4288,
     160,
     1919,
     159,
     3978,
     109,
     773,
     190,
     182,
     253,
     192,
     1895,
     2868,
     178,
     214,
     76,
     98,
     159,
     190,
     3933,
     123,
     2142,
     107,
     1792
    ],
    "AverageLatency": 754.5763888888889,
    "MedianLatency": 0,
    "Throughput": 3.891891891891892,
    "ThroughputSeconds": [
     0,
     0,
     0,
     0,
     6,
     5,
     4,
     6,
     3,
     8,
     7,
     6,
     7,
     5,
     6,
     8,
     5,
     5,
     7,
     6,
     4,
     5,
     8,
     6,
     5,
     3,
     5,
     4,
     6,
     2,
     0,
     1,
     1,
     0,
     0,
     0,
     0
    ],
    "Success": 144,
    "Fail": 106
   }
  ],
  [
   {
    "TxLatencies": [
     155,
     178,
     196,
     1854,
     808,
     129,
     762,
     129,
     78,
     145,
     161,
     159,
     178,
     1801,
     160,
     796,
     116,
     107,
     190,
     107,
     96,
     96,
     4253,
     145,
     140,
     267,
     106,
     180,
     174,
     174,
     1934,
     145,
     129,
     214,
     159,
     1840,
     145,
     1817,
     140,
     129,
     140,
     196,
     161,
     116,
     161,
     769,
     198,
     148,
     166,
     4044,
     180,
     808,
     267,
     1802,
     208,
     154,
     4150,
     777,
     166,
     107,
     165,
     267,
     758,
     129,
     144,
     400,
     4220,
     180,
     155,
     702,
     166,
     98,
     173,
     129,
     190,
     140,
     118,
     173,
     2162,
     1027,
     129,
     833,
     196,
     2085,
     4846,
     173,
     166,
     140,
     757,
     178,
     702,
     190,
     107,
     796,
     168,
     116,
     107,
     267,
     76,
     98,
     4155,
     141,
     178,
     107,
     154,
     141,
     2144,
     173,
     161,
     2892,
     177,
     141,
     96,
     4768,
     192,
     168,
     4757,
     144,
     173,
     95,
     95,
     172,
     4708,
     1400,
     173,
     400,
     118,
     165,
     178,
     122,
     198
    ],
    "AverageLatency": 668.1068702290077,
    "MedianLatency": 0,
    "Throughput": 3.5405405405405403,
    "ThroughputSeconds": [
     0,
     0,
     0,
     0,
     4,
     6,
     5,
     3,
     5,
     4,
     7,
     7,
     7,
     6,
     6,
     5,
     4,
     8,
     6,
     4,
     6,
     6,
     3,
     4,
     6,
     6,
     4,
     4,
     5,
     0,
     0,
     0,
     0,
     0,
     0,
     0,
     0
    ],
    "Success": 131,
    "Fail": 119
   }
  ]
 ],
 "SecondaryResults": [
  {
   "TxLatencies": [
    74,
    74,
    76,
    76,
    76,
    79,
    79,
    79,
    95,
    95,
    95,
    98,
    98,
    98,
    98,
    98,
    107,
    107,
    107,
    107,
    107,
    107,
    109,
    109,
    109,
    109,
    116,
    116,
    118,
    118,
    118,
    119,
    123,
    123,
    123,
    123,
    125,
    125,
    129,
    129,
    129,
    140,
    140,
    140,
    142,
    144,
    145,
    148,
    150,
    153,
    153,
    155,
    155,
    155,
    155,
    155,
    155,
    159,
    159,
    160,
    160,
    160,
    161,
    162,
    166,
    166,
    168,
    169,
    169,
    169,
    169,
    170,
    173,
    174,
    177,
    177,
    177,
    178,
    180,
    180,
    180,
    182,
    182,
    182,
    190,
    190,
    190,
    190,
    190,
    190,
    190,
    192,
    192,
    196,
    196,
    214,
    220,
    253,
    288,
    288,
    674,
    750,
    757,
    759,
    759,
    762,
    762,
    773,
    785,
    788,
    802,
    802,
    809,
    848,
    894,
    901,
    936,
    1705,
    1758,
    1785,
    1792,
    1895,
    1901,
    1918,
    1919,
    1934,
    1954,
    2065,
    2109,
    2142,
    2153,
    2809,
    2868,
    3933,
    3978,
    4040,
    4052,
    4117,
    4171,
    4267,
    4288,
    4762,
    4952,
    5168
   ],
   "AverageLatency": 754.5763888888889,
   "MedianLatency": 171.5,
   "Throughput": 3.891891891891892,
   "ThroughputSeconds": [
    0,
    0,
    0,
    0,
    6,
    5,
    4,
    6,
    3,
    8,
    7,
    6,
    7,
    5,
    6,
    8,
    5,
    5,
    7,
    6,
    4,
    5,
    8,
    6,
    5,
    3,
    5,
    4,
    6,
    2,
    0,
    1,
    1,
    0,
    0,
    0,
    0
   ],
   "Success": 144,
   "Fail": 106
  },
  {
   "TxLatencies": [
    76,
    78,
    95,
    95,
    96,
    96,
    96,
    98,
    98,
    106,
    107,
    107,
    107,
    107,
    107,
    107,
    116,
    116,
    116,
    118,
    118,
    122,
    129,
    129,
    129,
    129,
    129,
    129,
    129,
    140,
    140,
    140,
    140,
    140,
    141,
    141,
    141,
    144,
    144,
    145,
    145,
    145,
    145,
    148,
    154,
    154,
    155,
    155,
    159,
    159,
    160,
    161,
    161,
    161,
    161,
    165,
    165,
    166,
    166,
    166,
    166,
    168,
    168,
    172,
    173,
    173,
    173,
    173,
    173,
    173,
    174,
    174,
    177,
    178,
    178,
    178,
    178,
    178,
    180,
    180,
    180,
    190,
    190,
    190,
    192,
    196,
    196,
    196,
    198,
    198,
    208,
    214,
    267,
    267,
    267,
    267,
    400,
    400,
    702,
    702,
    757,
    758,
    762,
    769,
    777,
    796,
    796,
    808,
    808,
    833,
    1027,
    1400,
    1801,
    1802,
    1817,
    1840,
    1854,
    1934,
    2085,
    2144,
    2162,
    2892,
    4044,
    4150,
    4155,
    4220,
    4253,
    4708,
    4757,
    4768,
    4846
   ],
   "AverageLatency": 668.1068702290077,
   "MedianLatency": 173,
   "Throughput": 3.5405405405405403,
   "ThroughputSeconds": [
    0,
    0,
    0,
    0,
    4,
    6,
    5,
    3,
    5,
    4,
    7,
    7,
    7,
    6,
    6,
    5,
    4,
    8,
    6,
    4,
    6,
    6,
    3,
    4,
    6,
    6,
    4,
    4,
    5,
    0,
    0,
    0,
    0,
    0,
    0,
    0,
    0
   ],
   "Success": 131,
   "Fail": 119
  }
 ],
 "MinLatency": 74,
 "AverageLatency": 711.3416295589483,
 "MaxLatency": 5168,
 "MedianLatency": 711.3416295589483,