{
 "RawResults": [
  [
   {
    "TxLatencies": [
     220,
     178,
     791,
     249,
     128,
     214,
     123,
     191,
     174,
     2160,
     217,
     213,
     251,
     233,
     183,
     176,
     192,
     184,
     276,
     165,
     854,
     178,
     205,
     153,
     239,
     176,
     144,
     152,
     252,
     295,
     134,
     122,
     173,
     156,
     179,
     128,
     203,
     145,
     165,
     205,
     134,
     212,
     270,
     273,
     3978,
     241,
     245,
     238,
     225,
     255,
     4092,
     182,
     195,
     221,
     162,
     99,
     139,
     4138,
     721,
     181,
     4210,
     125,
     736,
     192,
     170,
     229,
     229,
     203,
     197,
     812,
     132,
     273,
     789,
     4747,
     249,
     225,
     204,
     798,
     238,
     777,
     222,
     190,
     196,
     295,
     170,
     211,
     251,
     668,
     208,
     4021,
     188,
     176,
     207,
     148,
     125,
     235,
     321,
     172,
     1959,
     248,
     137,
     231,
     252,
     207,
     255,
     293,
     252,
     102,
     248,
     181,
     232,
     201,
     174,
     169,
     153,
     196,
     765,
     199,
     249,
     141,
     225,
     162,
     274,
     251,
     257,
     199,
     255,
     212,
     3898,
     831,
     183,
     199,
     179,
     162,
     1938,
     227,
     4140,
     250,
     207,
     222,
     196,
     197,
     668,
     163,
     217,
     186,
     204,
     668,
     213,
     203,
     176,
     173,
     274,
     191,
     212,
     278,
     179,
     4169,
     186,
     251,
     141,
     145,
     227,
     209,
     293,
     159,
     239,
     245,
     274,
     229,
     235,
     141,
     217,
     186,
     230,
     191,
     233,
     125,
     108,
     1099,
     321,
     214,
     260,
     227,
     748,
     153,
     183,
     738,
     156,
     163,
     199,
     225,
     156,
     4027,
     156,
     257,
     232,
     162,
     3933,
     123,
     128,
     214,
     216,
     148,
     190,
     145,
     129,
     142,
     2141,
     227,
     200,
     205,
     152,
     4217,
     2095,
     2145,
     240,
     270,
     820,
     241,
     188,
     141,
     108,
     831,
     209,
     156,
     169,
     165,
     179,
     251,
     102,
     190,
     180
    ],
    "AverageLatency": 494.9699570815451,
    "MedianLatency": 0,
    "Throughput": 6.472222222222222,
    "ThroughputSeconds": [
     0,
     0,
     0,
     0,
     5,
     10,
     7,
     10,
     8,
     10,
     10,
     8,
     10,
     9,
     9,
     10,
     8,
     8,
     12,
     9,
     9,
     10,
     12,
     9,
     10,
     9,
     10,
     10,
     9,
     1,
     1,
     0,
     0,
     0,
     0,
     0
    ],
    "Success": 233,
    "Fail": 17
   }
  ],
  [
   {
    "TxLatencies": [
     220,
     154,
     154,
     256,
     801,
     260,
     200,
     175,
     150,
     198,
     222,
     161,
     198,
     172,
     190,
     249,
     152,
     196,
     293,
     238,
     159,
     173,
     905,
     1893,
     220,
     156,
     129,
     167,
     1099,
     192,
     152,
     169,
     206,
     139,
     241,
     157,
     777,
     206,
     179,
     148,
     173,
     178,
     163,
     813,
     217,
     153,
     199,
     198,
     207,
     162,
     175,
     239,
     152,
     777,
     1027,
     201,
     256,
     175,
     186,
     1798,
     276,
     227,
     160,
     1027,
     149,
     162,
     175,
     229,
     207,
     192,
     141,
     188,
     170,
     235,
     1843,
     256,
     211,
     160,
     160,
     264,
     185,
     249,
     813,
     141,
     178,
     140,
     169,
     185,
     165,
     233,
     170,
     203,
     241,
     108,
     241,
     255,
     825,
     211,
     241,
     182,
     220,
     3284,
     179,
     211,
     166,
     143,
     122,
     170,
     221,
     174,
     235,
     209,
     184,
     178,
     182,
     222,
     5156,
     159,
     162,
     185,
     1935,
     154,
     179,
     174,
     190,
     162,
     180,
     253,
     167,
     149,
     139,
     812,
     249,
     179,
     820,
     156,
     891,
     211,
     2091,
     252,
     201,
     228,
     232,
     197,
     170,
     196,
     162,
     235,
     203,
     180,
     882,
     225,
     197,
     196,
     167,
     214,
     213,
     232,
     159,
     227,
     230,
     723,
     147,
     180,
     141,
     180,
     227,
     772,
     141,
     103,
     166,
     1972,
     156,
     153,
     197,
     230,
     242,
     777,
     241,
     185,
     197,
     214,
     145,
     197,
     198,
     190,
     1885,
     264,
     190,
     172,
     134,
     2137,
     214,
     1900,
     723,
     180,
     220,
     199,
     4321,
     184,
     178,
     1854,
     134,
     276,
     206,
     214,
     205,
     190,
     176,
     736,
     138,
     933,
     153,
     162,
     801,
     150,
     200,
     185,
     196,
     239,
     200,
     157,
     208,
     214,
     132,
     231,
     224,
     197,
     175,
     227,
     122,
     252,
     151,
     163,
     150,
     147,
     253
    ],
    "AverageLatency": 373.41350210970467,
    "MedianLatency": 0,
    "Throughput": 6.583333333333333,
    "ThroughputSeconds": [
     0,
     0,
     0,
     0,
     7,
     8,
     11,
     10,
     10,
     10,
     10,
     11,
     9,
     11,
     7,
     10,
     8,
     11,
     9,
     10,
     10,
     7,
     8,
     10,
     9,
     11,
     10,
     8,
     10,
     0,
     0,
     1,
     0,
     1,
     0,
     0
    ],
    "Success": 237,
    "Fail": 13
   }
  ]
 ],
 "SecondaryResults": [
  {
   "TxLatencies": [
    99,
    102,
    102,
    108,
    108,
    122,
    123,
    123,
    125,
    125,
    125,
    128,
    128,
    128,
    129,
    132,
    134,
    134,
    137,
    139,
    141,
    141,
    141,
    141,
    142,
    144,
    145,
    145,
    145,
    148,
    148,
    152,
    152,
    153,
    153,
    153,
    156,
    156,
    156,
    156,
    156,
    159,
    162,
    162,
    162,
    162,
    163,
    163,
    165,
    165,
    165,
    169,
    169,
    170,
    170,
    172,
    173,
    173,
    174,
    174,
    176,
    176,
    176,
    176,
    178,
    178,
    179,
    179,
    179,
    179,
    180,
    181,
    181,
    182,
    183,
    183,
    183,
    184,
    186,
    186,
    186,
    188,
    188,
    190,
    190,
    190,
    191,
    191,
    191,
    192,
    192,
    195,
    196,
    196,
    196,
    197,
    197,
    199,
    199,
    199,
    199,
    200,
    201,
    203,
    203,
    203,
    204,
    204,
    205,
    205,
    205,
    207,
    207,
    207,
    208,
    209,
    209,
    211,
    212,
    212,
    212,
    213,
    213,
    214,
    214,
    214,
    216,
    217,
    217,
    217,
    220,
    221,
    222,
    222,
    225,
    225,
    225,
    225,
    227,
    227,
    227,
    227,
    229,
    229,
    229,
    230,
    231,
    232,
    232,
    233,
    233,
    235,
    235,
    238,
    238,
    239,
    239,
    240,
    241,
    241,
    245,
    245,
    248,
    248,
    249,
    249,
    249,
    250,
    251,
    251,
    251,
    251,
    251,
    252,
    252,
    252,
    255,
    255,
    255,
    257,
    257,
    260,
    270,
    270,
    273,
    273,
    274,
    274,
    274,
    276,
    278,
    293,
    293,
    295,
    295,
    321,
    321,
    668,
    668,
    668,
    721,
    736,
    738,
    748,
    765,
    777,
    789,
    791,
    798,
    812,
    820,
    831,
    831,
    854,
    1099,
    1938,
    1959,
    2095,
    2141,
    2145,
    2160,
    3898,
    3933,
    3978,
    4021,
    4027,
    4092,
    4138,
    4140,
    4169,
    4210,
    4217,
    4747
   ],
   "AverageLatency": 494.9699570815451,