{
 "RawResults": [
  [
   {
    "TxLatencies": [
     287,
     214,
     405,
     378,
     228,
     358,
     312,
     266,
     464,
     302,
     249,
     393,
     336,
     240,
     375,
     299,
     354,
     286,
     598,
     348,
     392,
     283,
     249,
     361,
     464,
     270,
     483,
     405,
     361,
     393,
     348,
     386,
     303,
     366,
     212,
     1270,
     480,
     450,
     354,
     249,
     358,
     373,
     231,
     240,
     480,
     338,
     279,
     1256,
     312,
     348,
     214,
     336,
     5599,
     354,
     352,
     282,
     2953,
     345,
     282,
     282,
     405,
     451,
     2240,
     354,
     317,
     386,
     386,
     231,
     5231,
     338,
     259,
     278,
     242,
     1148,
     354,
     348,
     231,
     336,
     953,
     283,
     451,
     345,
     259,
     280,
     214,
     295,
     366,
     336,
     345,
     348,
     361,
     299,
     8795,
     386,
     338,
     345,
     366,
     598,
     3023,
     242,
     1148,
     361,
     358,
     282,
     375,
     375,
     378,
     1149,
     279,
     354,
     5136,
     286,
     259,
     301,
     266,
     386,
     338,
     299,
     242,
     1228,
     1196,
     338,
     312,
     1148,
     378,
     361,
     299,
     231,
     354,
     240,
     231,
     256,
     375,
     354,
     352,
     349,
     239,
     358,
     933,
     266,
     214,
     4451,
     312,
     230,
     598,
     286,
     214,
     378,
     299,
     348,
     405,
     451,
     289,
     5933,
     358,
     231,
     266,
     214,
     266,
     378,
     366,
     242,
     373,
     1261,
     366,
     299,
     214,
     1249,
     451,
     303,
     375,
     354,
     393,
     353,
     480,
     242,
     366,
     480,
     289,
     599,
     348,
     266,
     1073,
     405,
     301,
     392,
     464,
     266,
     464,
     352,
     283,
     279,
     299,
     312,
     231,
     450,
     378,
     393,
     317,
     3228,
     348,
     282,
     373,
     5149,
     286,
     6261,
     361,
     366,
     196,
     336,
     266,
     239,
     483,
     214,
     451,
     242,
     259,
     2479
    ],
    "AverageLatency": 639.3853211009174,
    "MedianLatency": 0,
    "Throughput": 5.589743589743589,
    "ThroughputSeconds": [
     0,
     0,
     0,
     0,
     6,
     8,
     7,
     11,
     7,
     6,
     11,
     10,
     10,
     11,
     7,
     8,
     8,
     6,
     9,
     6,
     9,
     11,
     9,
     8,
     10,
     9,
     10,
     12,
     8,
     0,
     0,
     0,
     0,
     0,
     0,
     0,
     1,
     0,
     0
    ],
    "Success": 218,
    "Fail": 32
   }
  ],
  [
   {
    "TxLatencies": [
     375,
     278,
     1073,
     359,
     279,
     280,
     231,
     301,
     1285,
     373,
     933,
     392,
     3241,
     1232,
     241,
     282,
     282,
     338,
     1149,
     365,
     249,
     365,
     282,
     349,
     282,
     316,
     336,
     354,
     227,
     282,
     1073,
     265,
     282,
     451,
     375,
     265,
     6506,
     280,
     345,
     278,
     228,
     301,
     242,
     1285,
     242,
     1256,
     365,
     240,
     280,
     2073,
     387,
     3067,
     265,
     365,
     301,
     354,
     375,
     231,
     354,
     249,
     227,
     241,
     301,
     269,
     479,
     285,
     1289,
     451,
     240,
     349,
     316,
     387,
     451,
     302,
     207,
     295,
     352,
     359,
     241,
     1285,
     959,
     1149,
     378,
     953,
     365,
     953,
     298,
     280,
     316,
     953,
     312,
     207,
     5999,
     359,
     278,
     240,
     349,
     338,
     301,
     316,
     316,
     312,
     1207,
     301,
     316,
     1269,
     279,
     188,
     2482,
     269,
     348,
     1255,
     345,
     279,
     365,
     463,
     190,
     282,
     279,
     280,
     242,
     599,
     358,
     1073,
     242,
     1073,
     269,
     299,
     301,
     207,
     6650,
     373,
     316,
     405,
     354,
     261,
     1149,
     265,
     953,
     295,
     269,
     298,
     316,
     599,
     302,
     359,
     295,
     2959,
     1067,
     265,
     352,
     405,
     375,
     299,
     265,
     392,
     3148,
     295,
     278,
     480,
     336,
     387,
     289,
     393,
     1073,
     241,
     301,
     348,
     354,
     345,
     1149,
     279,
     240,
     301,
     228,
     249,
     345,
     2598,
     358,
     265,
     349,
     352,
     463,
     354,
     240,
     279,
     301,
     464,
     279,
     240,
     387,
     387,
     405,
     265,
     298,
     480,
     336,
     256,
     1072,
     278,
     279,
     282,
     338,
     2969,
     240,
     279,
     393,
     405,
     375,
     338,
     378,
     241,
     280,
     1285,
     373,
     282,
     302,
     3188,
     1256,
     349
    ],
    "AverageLatency": 607.5590909090909,
    "MedianLatency": 0,
    "Throughput": 5.641025641025641,
    "ThroughputSeconds": [
     0,
     0,
     0,
     0,
     4,
     8,
     6,
     15,
     10,
     8,
     11,
     9,
     8,
     9,
     9,
     5,
     10,
     11,
     9,
     12,
     9,
     6,
     8,
     9,
     7,
     10,
     8,
     8,
     9,
     0,
     1,
     0,
     1,
     0,
     0,
     0,
     0,
     0,
     0
    ],
    "Success": 220,
    "Fail": 30
   }
  ]
 ],
 "SecondaryResults": [
  {
   "TxLatencies": [
    196,
    212,
    214,
    214,
    214,
    214,
    214,
    214,
    214,
    214,
    228,
    230,
    231,
    231,
    231,
    231,
    231,
    231,
    231,
    239,
    239,
    240,
    240,
    240,
    242,
    242,
    242,
    242,
    242,
    242,
    249,
    249,
    249,
    256,
    259,
    259,
    259,
    259,
    266,
    266,
    266,
    266,
    266,
    266,
    266,
    266,
    270,
    278,
    279,
    279,
    279,
    280,
    282,
    282,
    282,
    282,
    282,
    283,
    283,
    283,
    286,
    286,
    286,
    286,
    287,
    289,
    289,
    295,
    299,
    299,
    299,
    299,
    299,
    299,
    299,
    301,
    301,
    302,
    303,
    303,
    312,
    312,
    312,
    312,
    312,
    317,
    317,
    336,
    336,
    336,
    336,
    336,
    338,
    338,
    338,
    338,
    338,
    345,
    345,
    345,
    345,
    348,
    348,
    348,
    348,
    348,
    348,
    348,
    348,
    349,
    352,
    352,
    352,
    353,
    354,
    354,
    354,
    354,
    354,
    354,
    354,
    354,
    354,
    358,
    358,
    358,
    358,
    358,
    361,
    361,
    361,
    361,
    361,
    361,
    366,
    366,
    366,
    366,
    366,
    366,
    366,
    373,
    373,
    373,
    375,
    375,
    375,
    375,
    375,
    378,
    378,
    378,
    378,
    378,
    378,
    386,
    386,
    386,
    386,
    386,
    392,
    392,
    393,
    393,
    393,
    393,
    405,
    405,
    405,
    405,
    405,
    450,
    450,
    451,
    451,
    451,
    451,
    451,
    464,
    464,
    464,
    464,
    480,
    480,
    480,
    480,
    483,
    483,
    598,
    598,
    598,
    599,
    933,
    953,
    1073,
    1148,
    1148,
    1148,
    1149,
    1196,
    1228,
    1249,
    1256,
    1261,
    1270,
    2240,
    2479,
    2953,
    3023,
    3228,
    4451,
    5136,
    5149,
    5231,
    5599,
    5933,
    6261,
    8795
   ],
   "AverageLatency": 639.3853211009174,
   "MedianLatency": 348.5,
   "Throughput": 5.589743589743589,
   "ThroughputSeconds": [
    0,
    0,
    0,
    0,
    6,
    8,
    7,
    11,
    7,
    6,
    11,
    10,
    10,
    11,
    7,
    8,
    8,
    6,
    9,
    6,
    9,
    11,
    9,
    8,
    10,
    9,
    10,
    12,
    8,
    0,
    0,
    0,
    0,
    0,
    0,
    0,
    1,
    0,
    0
   ],