{
 "RawResults": [
  [
   {
    "TxLatencies": [
     114,
     130,
     149,
     4140,
     102,
     175,
     158,
     156,
     120,
     700,
     172,
     149,
     213,
     3832,
     214,
     189,
     237,
     229,
     4137,
     1818,
     194,
     191,
     141,
     189,
     188,
     173,
     131,
     149,
     229,
     120,
     173,
     220,
     155,
     4248,
     221,
     164,
     802,
     170,
     178,
     647,
     177,
     695,
     4134,
     149,
     187,
     4957,
     176,
     129,
     178,
     4666,
     185,
     114,
     168,
     170,
     155,
     700,
     766,
     208,
     169,
     668,
     3920,
     139,
     241,
     241,
     180,
     160,
     745,
     133,
     212,
     220,
     139,
     59,
     211,
     72,
     907,
     220,
     178,
     168,
     243,
     1856,
     228,
     3780,
     129,
     221,
     143,
     686,
     245,
     129,
     100,
     4778,
     131,
     173,
     4130,
     743,
     111,
     147,
     695,
     185,
     167,
     194,
     213,
     179,
     143,
     780,
     1812,
     3990,
     105,
     155,
     1122,
     4146,
     94,
     2095,
     137,
     4084,
     187,
     143,
     174,
     810,
     211,
     158,
     226,
     185,
     3811,
     671,
     231,
     120,
     1807,
     194,
     149,
     163,
     131,
     202,
     96,
     202,
     1935,
     242,
     236,
     152,
     207,
     854,
     140,
     226,
     774,
     102,
     137,
     685,
     178,
     750,
     232,
     891,
     152,
     178,
     77,
     180,
     156,
     167,
     108,
     245,
     700,
     192,
     3871,
     72,
     150,
     3972,
     3832,
     189,
     139,
     262,
     103,
     231,
     146,
     1760,
     163,
     179,
     3888,
     189,
     173,
     129,
     186,
     738,
     1889,
     4717,
     189,
     174,
     4267,
     192,
     189,
     138,
     1742,
     207,
     1955,
     212,
     143,
     133,
     207,
     1917,
     137,
     146,
     169,
     708,
     697
    ],
    "AverageLatency": 752.4825870646766,
    "MedianLatency": 0,
    "Throughput": 5.911764705882353,
    "ThroughputSeconds": [
     0,
     0,
     0,
     0,
     5,
     8,
     8,
     6,
     8,
     9,
     8,
     11,
     7,
     7,
     9,
     7,
     10,
     5,
     7,
     10,
     10,
     10,
     9,
     7,
     6,
     8,
     7,
     7,
     7,
     4,
     1,
     0,
     0,
     0
    ],
    "Success": 201,
    "Fail": 49
   }
  ],
  [
   {
    "TxLatencies": [
     154,
     253,
     120,
     212,
     738,
     189,
     237,
     166,
     1846,
     3880,
     100,
     173,
     124,
     172,
     194,
     231,
     183,
     181,
     714,
     698,
     241,
     157,
     220,
     190,
     711,
     211,
     200,
     3917,
     698,
     747,
     1842,
     231,
     169,
     865,
     192,
     110,
     168,
     88,
     229,
     262,
     707,
     80,
     155,
     166,
     250,
     191,
     724,
     216,
     790,
     88,
     215,
     180,
     133,
     207,
     98,
     144,
     133,
     202,
     259,
     172,
     174,
     694,
     263,
     159,
     265,
     245,
     120,
     180,
     218,
     714,
     126,
     100,
     140,
     86,
     211,
     4087,
     200,
     191,
     170,
     161,
     212,
     679,
     1656,
     191,
     83,
     736,
     172,
     229,
     240,
     176,
     699,
     231,
     4009,
     157,
     176,
     1869,
     241,
     143,
     144,
     154,
     3898,
     117,
     191,
     714,
     245,
     216,
     212,
     782,
     117,
     916,
     191,
     226,
     245,
     115,
     236,
     3966,
     120,
     187,
     126,
     140,
     206,
     748,
     246,
     120,
     207,
     154,
     262,
     156,
     236,
     168,
     173,
     86,
     713,
     178,
     3929,
     212,
     191,
     3887,
     742,
     3950,
     159,
     110,
     207,
     2147,
     227,
     195,
     176,
     156,
     177,
     140,
     144,
     1794,
     3878,
     253,
     169,
     231,
     4222,
     2075,
     179,
     247,
     143,
     783,
     140,
     172,
     191,
     191,
     157,
     150,
     233,
     755,
     154,
     203,
     143,
     160,
     1649,
     100,
     116,
     194,
     203,
     223,
     77,
     1928,
     175,
     162,
     711,
     187,
     140,
     203,
     246,
     165,
     140,
     229,
     161,
     80,
     160,
     259,
     180,
     204,
     165
    ],
    "AverageLatency": 531.9899497487437,
    "MedianLatency": 0,
    "Throughput": 5.852941176470588,
    "ThroughputSeconds": [
     0,
     0,
     0,
     0,
     7,
     8,
     8,
     6,
     8,
     6,
     6,
     9,
     10,
     8,
     5,
     10,
     6,
     7,
     10,
     9,
     7,
     7,
     9,
     7,
     10,
     7,
     9,
     7,
     10,
     0,
     0,
     3,
     0,
     0
    ],
    "Success": 199,
    "Fail": 51
   }
  ]
 ],
 "SecondaryResults": [
  {
   "TxLatencies": [
    59,
    72,
    72,
    77,
    94,
    96,
    100,
    102,
    102,
    103,
    105,
    108,
    111,
    114,
    114,
    120,
    120,
    120,
    129,
    129,
    129,
    129,
    130,
    131,
    131,
    131,
    133,
    133,
    137,
    137,
    137,
    138,
    139,
    139,
    139,
    140,
    141,
    143,
    143,
    143,
    143,
    146,
    146,
    147,
    149,
    149,
    149,
    149,
    149,
    150,
    152,
    152,
    155,
    155,
    155,
    156,
    156,
    158,
    158,
    160,
    163,
    163,
    164,
    167,
    167,
    168,
    168,
    169,
    169,
    170,
    170,
    172,
    173,
    173,
    173,
    173,
    174,
    174,
    175,
    176,
    177,
    178,
    178,
    178,
    178,
    178,
    179,
    179,
    180,
    180,
    185,
    185,
    185,
    186,
    187,
    187,
    188,
    189,
    189,
    189,
    189,
    189,
    189,
    191,
    192,
    192,
    194,
    194,
    194,
    202,
    202,
    207,
    207,
    207,
    208,
    211,
    211,
    212,
    212,
    213,
    213,
    214,
    220,
    220,
    220,
    221,
    221,
    226,
    226,
    228,
    229,
    229,
    231,
    231,
    232,
    236,
    237,
    241,
    241,
    242,
    243,
    245,
    245,
    262,
    647,
    668,
    671,
    685,
    686,
    695,
    695,
    697,
    700,
    700,
    700,
    708,
    738,
    743,
    745,
    750,
    766,
    774,
    780,
    802,
    810,
    854,
    891,
    907,
    1122,
    1742,
    1760,
    1807,
    1812,
    1818,
    1856,
    1889,
    1917,
    1935,
    1955,
    2095,
    3780,
    3811,
    3832,
    3832,
    3871,
    3888,
    3920,
    3972,
    3990,
    4084,
    4130,
    4134,
    4137,
    4140,
    4146,
    4248,
    4267,
    4666,
    4717,
    4778,
    4957
   ],
   "AverageLatency": 752.4825870646766,
   "MedianLatency": 189,
   "Throughput": 5.911764705882353,
   "ThroughputSeconds": [
    0,
    0,
    0,
    0,
    5,
    8,
    8,
    6,
    8,
    9,
    8,
    11,
    7,
    7,
    9,
    7,
    10,
    5,
    7,
    10,
    10,
    10,
    9,
    7,
    6,
    8,
    7,
    7,
    7,
    4,
    1,
    0,
    0,
    0
   ],
   "Success": 201,