{
 "RawResults": [
  [
   {
    "TxLatencies": [
     2894,
     5237,
     1036,
     4370,
     1287,
     843,
     235,
     2392,
     179,
     2525,
     4853,
     4672,
     908,
     4699,
     5139,
     1193,
     1015,
     1225,
     4714,
     1083,
     163,
     2514,
     1199,
     4896,
     210,
     2149,
     2947,
     189,
     2376,
     1008,
     1078,
     2395,
     4630,
     2424,
     260,
     2212,
     2374
    ],
    "AverageLatency": 2257.3783783783783,
    "MedianLatency": 0,
    "Throughput": 1,
    "ThroughputSeconds": [
     0,
     0,
     0,
     0,
     0,
     0,
     1,
     1,
     1,
     1,
     0,
     1,
     2,
     1,
     2,
     2,
     2,
     1,
     1,
     1,
     3,
     3,
     1,
     2,
     2,
     1,
     0,
     2,
     3,
     2,
     1,
     0,
     0,
     0,
     0,
     0,
     0
    ],
    "Success": 37,
    "Fail": 213
   }
  ],
  [
   {
    "TxLatencies": [
     1227,
     899,
     4740,
     5520,
     1038,
     2401,
     2336,
     1512,
     220,
     983,
     812,
     2813,
     3167,
     2346,
     2560,
     4568,
     5558,
     4962,
     5215,
     385,
     5123,
     2490,
     2898,
     5078,
     159,
     2414
    ],
    "AverageLatency": 2747.076923076923,
    "MedianLatency": 0,
    "Throughput": 0.7027027027027027,
    "ThroughputSeconds": [
     0,
     0,
     0,
     0,
     0,
     0,
     0,
     0,
     1,
     2,
     2,
     2,
     1,
     0,
     1,
     0,
     1,
     2,
     1,
     2,
     0,
     0,
     1,
     1,
     0,
     2,
     3,
     1,
     0,
     1,
     0,
     1,
     1,
     0,
     0,
     0,
     0
    ],
    "Success": 26,
    "Fail": 224
   }
  ]
 ],
 "SecondaryResults": [
  {
   "TxLatencies": [
    163,
    179,
    189,
    210,
    235,
    260,
    843,
    908,
    1008,
    1015,
    1036,
    1078,
    1083,
    1193,
    1199,
    1225,
    1287,
    2149,
    2212,
    2374,
    2376,
    2392,
    2395,
    2424,
    2514,
    2525,
    2894,
    2947,
    4370,
    4630,
    4672,
    4699,
    4714,
    4853,
    4896,
    5139,
    5237
   ],
   "AverageLatency": 2257.3783783783783,
   "MedianLatency": 2212,
   "Throughput": 1,
   "ThroughputSeconds": [
    0,
    0,
    0,
    0,
    0,
    0,
    1,
    1,
    1,
    1,
    0,
    1,
    2,
    1,
    2,
    2,
    2,
    1,
    1,
    1,
    3,
    3,
    1,
    2,
    2,
    1,
    0,
    2,
    3,
    2,
    1,
    0,
    0,
    0,
    0,
    0,
    0
   ],
   "Success": 37,
   "Fail": 213
  },
  {
   "TxLatencies": [
    159,
    220,
    385,
    812,
    899,
    983,
    1038,
    1227,
    1512,
    2336,
    2346,
    2401,
    2414,
    2490,
    2560,
    2813,
    2898,
    3167,
    4568,
    4740,
    4962,
    5078,
    5123,
    5215,
    5520,
    5558
   ],
   "AverageLatency": 2747.076923076923,
   "MedianLatency": 2452,
   "Throughput": 0.7027027027027027,
   "ThroughputSeconds": [
    0,
    0,
    0,
    0,
    0,
    0,
    0,
    0,
    1,
    2,
    2,
    2,
    1,
    0,
    1,
    0,
    1,
    2,
    1,
    2,
    0,
    0,
    1,
    1,
    0,
    2,
    3,
    1,
    0,
    1,
    0,
    1,
    1,
    0,
    0,
    0,
    0
   ],
   "Success": 26,
   "Fail": 224
  }
 ],
 "MinLatency": 159,
 "AverageLatency": 2502.2276507276506,
 "MaxLatency": 5558,
 "MedianLatency": 2502.2276507276506,
 "AllTxLatencies": [
  2894,
  5237,
  1036,
  4370,
  1287,
  843,
  235,
  2392,
  179,
  2525,
  4853,
  4672,
  908,
  4699,
  5139,
  1193,
  1015,
  1225,
  4714,
  1083,
  163,
  2514,
  1199,
  4896,
  210,
  2149,
  2947,
  189,
  2376,
  1008,
  1078,
  2395,
  4630,
  2424,
  260,
  2212,
  2374,
  1227,
  899,
  4740,
  5520,
  1038,
  2401,
  2336,
  1512,
  220,
  983,
  812,
  2813,
  3167,
  2346,
  2560,
  4568,
  5558,
  4962,
  5215,
  385,
  5123,
  2490,
  2898,
  5078,
  159,
  2414
 ],
 "TotalThroughputOverTime": [
  0,
  0,
  0,
  0,
  0,
  0,
  1,
  1,
  2,
  3,
  2,
  3,
  3,
  1,
  3,
  2,
  3,
  3,
  2,
  3,
  3,
  3,
  2,
  3,
  2,
  3,
  3,
  3,
  3,
  3,
  1,
  1,
  1,
  0,
  0,
  0,
  0
 ],
 "AverageThroughputSecondaries": [
  1,
  0.7027027027027027
 ],
 "TotalThrouhgputPerSecondaryPerWindow": [
  [
   0,
   0,
   0,
   0,
   0,
   0,
   1,
   1,
   1,
   1,
   0,
   1,
   2,
   1,
   2,
   2,
   2,
   1,
   1,
   1,
   3,
   3,
   1,
   2,
   2,
   1,
   0,
   2,
   3,
   2,
   1,
   0,
   0,
   0,
   0,
   0,
   0
  ],
  [
   0,
   0,
   0,
   0,
   0,
   0,
   0,
   0,
   1,
   2,
   2,
   2,
   1,
   0,
   1,
   0,
   1,
   2,
   1,
   2,
   0,
   0,
   1,
   1,
   0,
   2,
   3,
   1,
   0,
   1,
   0,
   1,
   1,
   0,
   0,
   0,
   0
  ]
 ],
 "MaximumThroughput": 3,
 "MinimumThroughput": 0,
 "AverageThroughput": 1.7027027027027026,
 "TotalSuccess": 63,
 "TotalFails": 437
}