{
 "RawResults": [
  [
   {
    "TxLatencies": [
     1140,
     1094,
     211,
     2385,
     2531,
     319,
     1025,
     4419,
     978,
     4680,
     4673,
     896,
     1206,
     2461,
     907,
     1096,
     3164,
     2264,
     350,
     738,
     5761,
     2139,
     2175,
     2419,
     4181,
     2989,
     1887,
     4966,
     4715,
     2508,
     150,
     4638,
     6626,
     228,
     4355,
     4920,
     2795
    ],
    "AverageLatency": 2540.2432432432433,
    "MedianLatency": 0,
    "Throughput": 1,
    "ThroughputSeconds": [
     0,
     0,
     0,
     0,
     0,
     0,
     1,
     1,
     0,
     3,
     2,
     3,
     0,
     2,
     2,
     2,
     0,
     1,
     2,
     1,
     2,
     0,
     3,
     2,
     2,
     1,
     1,
     0,
     3,
     1,
     0,
     0,
     1,
     0,
     1,
     0,
     0
    ],
    "Success": 37,
    "Fail": 213
   }
  ],
  [
   {
    "TxLatencies": [
     2871,
     5471,
     4926,
     1195,
     2571,
     3295,
     1119,
     189,
     5439,
     825,
     1220,
     4622,
     2408,
     188,
     4512,
     186,
     965,
     4649,
     5225,
     1223,
     4557,
     4506,
     2863,
     5670,
     1167,
     4479,
     953,
     2380
    ],
    "AverageLatency": 2845.5,
    "MedianLatency": 0,
    "Throughput": 0.7567567567567568,
    "ThroughputSeconds": [
     0,
     0,
     0,
     0,
     0,
     0,
     0,
     0,
     2,
     0,
     0,
     1,
     2,
     1,
     0,
     1,
     2,
     1,
     1,
     1,
     1,
     3,
     1,
     1,
     1,
     2,
     2,
     2,
     0,
     1,
     1,
     1,
     0,
     0,
     0,
     0,
     0
    ],
    "Success": 28,
    "Fail": 222
   }
  ]
 ],
 "SecondaryResults": [
  {
   "TxLatencies": [
    150,
    211,
    228,
    319,
    350,
    738,
    896,
    907,
    978,
    1025,
    1094,
    1096,
    1140,
    1206,
    1887,
    2139,
    2175,
    2264,
    2385,
    2419,
    2461,
    2508,
    2531,
    2795,
    2989,
    3164,
    4181,
    4355,
    4419,
    4638,
    4673,
    4680,
    4715,
    4920,
    4966,
    5761,
    6626
   ],
   "AverageLatency": 2540.2432432432433,
   "MedianLatency": 2385,
   "Throughput": 1,
   "ThroughputSeconds": [
    0,
    0,
    0,
    0,
    0,
    0,
    1,
    1,
    0,
    3,
    2,
    3,
    0,
    2,
    2,
    2,
    0,
    1,
    2,
    1,
    2,
    0,
    3,
    2,
    2,
    1,
    1,
    0,
    3,
    1,
    0,
    0,
    1,
    0,
    1,
    0,
    0
   ],
   "Success": 37,
   "Fail": 213
  },
  {
   "TxLatencies": [
    186,
    188,
    189,
    825,
    953,
    965,
    1119,
    1167,
    1195,
    1220,
    1223,
    2380,
    2408,
    2571,
    2863,
    2871,
    3295,
    4479,
    4506,
    4512,
    4557,
    4622,
    4649,
    4926,
    5225,
    5439,
    5471,
    5670
   ],
   "AverageLatency": 2845.5,
   "MedianLatency": 2717,
   "Throughput": 0.7567567567567568,
   "ThroughputSeconds": [
    0,
    0,
    0,
    0,
    0,
    0,
    0,
    0,
    2,
    0,
    0,
    1,
    2,
    1,
    0,
    1,
    2,
    1,
    1,
    1,
    1,
    3,
    1,
    1,
    1,
    2,
    2,
    2,
    0,
    1,
    1,
    1,
    0,
    0,
    0,
    0,
    0
   ],
   "Success": 28,
   "Fail": 222
  }
 ],
 "MinLatency": 150,
 "AverageLatency": 2692.8716216216217,
 "MaxLatency": 6626,
 "MedianLatency": 2692.8716216216217,
 "AllTxLatencies": [
  1140,
  1094,
  211,
  2385,
  2531,
  319,
  1025,
  4419,
  978,
  4680,
  4673,
  896,
  1206,
  2461,
  907,
  1096,
  3164,
  2264,
  350,
  738,
  5761,
  2139,
  2175,
  2419,
  4181,
  2989,
  1887,
  4966,
  4715,
  2508,
  150,
  4638,
  6626,
  228,
  4355,
  4920,
  2795,
  2871,
  5471,
  4926,
  1195,
  2571,
  3295,
  1119,
  189,
  5439,
  825,
  1220,
  4622,
  2408,
  188,
  4512,
  186,
  965,
  4649,
  5225,
  1223,
  4557,
  4506,
  2863,
  5670,
  1167,
  4479,
  953,
  2380
 ],
 "TotalThroughputOverTime": [
  0,
  0,
  0,
  0,
  0,
  0,
  1,
  1,
  2,
  3,
  2,
  4,
  2,
  3,
  2,
  3,
  2,
  2,
  3,
  2,
  3,
  3,
  4,
  3,
  3,
  3,
  3,
  2,
  3,
  2,
  1,
  1,
  1,
  0,
  1,
  0,
  0
 ],
 "AverageThroughputSecondaries": [
  1,
  0.7567567567567568
 ],
 "TotalThrouhgputPerSecondaryPerWindow": [
  [
   0,
   0,
   0,
   0,
   0,
   0,
   1,
   1,
   0,
   3,
   2,
   3,
   0,
   2,
   2,
   2,
   0,
   1,
   2,
   1,
   2,
   0,
   3,
   2,
   2,
   1,
   1,
   0,
   3,
   1,
   0,
   0,
   1,
   0,
   1,
   0,
   0
  ],
  [
   0,
   0,
   0,
   0,
   0,
   0,
   0,
   0,
   2,
   0,
   0,
   1,
   2,
   1,
   0,
   1,
   2,
   1,
   1,
   1,
   1,
   3,
   1,
   1,
   1,
   2,
   2,
   2,
   0,
   1,
   1,
   1,
   0,
   0,
   0,
   0,
   0
  ]
 ],
 "MaximumThroughput": 4,
 "MinimumThroughput": 0,
 "AverageThroughput": 1.7567567567567568,
 "TotalSuccess": 65,
 "TotalFails": 435
}