{
 "RawResults": [
  [
   {
    "TxLatencies": [
     970,
     247,
     4732,
     1101,
     1097,
     5276,
     2211,
     278,
     2510,
     4368,
     1177,
     2855,
     4689,
     4629,
     4799,
     905,
     545,
     3169,
     911,
     1087,
     2736,
     5121,
     2216,
     2197,
     943,
     1592,
     2396,
     976,
     447,
     7285,
     1330,
     4941,
     4674,
     4988,
     2964,
     204,
     271
    ],
    "AverageLatency": 2509.108108108108,
    "MedianLatency": 0,
    "Throughput": 1,
    "ThroughputSeconds": [
     0,
     0,
     0,
     0,
     0,
     0,
     1,
     1,
     1,
     2,
     0,
     2,
     2,
     1,
     0,
     2,
     1,
     1,
     2,
     1,
     1,
     3,
     0,
     1,
     2,
     2,
     2,
     2,
     2,
     1,
     3,
     0,
     0,
     0,
     1,
     0,
     0
    ],
    "Success": 37,
    "Fail": 213
   }
  ],
  [
   {
    "TxLatencies": [
     2502,
     5040,
     365,
     282,
     1494,
     2405,
     2796,
     2406,
     5141,
     201,
     169,
     3093,
     2484,
     325,
     4903,
     2576,
     5276,
     1164,
     4453,
     804,
     781,
     6319,
     2631
    ],
    "AverageLatency": 2504.782608695652,
    "MedianLatency": 0,
    "Throughput": 0.6216216216216216,
    "ThroughputSeconds": [
     0,
     0,
     0,
     0,
     0,
     0,
     0,
     0,
     1,
     1,
     2,
     1,
     0,
     1,
     2,
     1,
     1,
     2,
     1,
     0,
     2,
     0,
     1,
     2,
     1,
     1,
     1,
     0,
     1,
     0,
     0,
     0,
     1,
     0,
     0,
     0,
     0
    ],
    "Success": 23,
    "Fail": 227
   }
  ]
 ],
 "SecondaryResults": [
  {
   "TxLatencies": [
    204,
    247,
    271,
    278,
    447,
    545,
    905,
    911,
    943,
    970,
    976,
    1087,
    1097,
    1101,
    1177,
    1330,
    1592,
    2197,
    2211,
    2216,
    2396,
    2510,
    2736,
    2855,
    2964,
    3169,
    4368,
    4629,
    4674,
    4689,
    4732,
    4799,
    4941,
    4988,
    5121,
    5276,
    7285
   ],
   "AverageLatency": 2509.108108108108,
   "MedianLatency": 2211,
   "Throughput": 1,
   "ThroughputSeconds": [
    0,
    0,
    0,
    0,
    0,
    0,
    1,
    1,
    1,
    2,
    0,
    2,
    2,
    1,
    0,
    2,
    1,
    1,
    2,
    1,
    1,
    3,
    0,
    1,
    2,
    2,
    2,
    2,
    2,
    1,
    3,
    0,
    0,
    0,
    1,
    0,
    0
   ],
   "Success": 37,
   "Fail": 213
  },
  {
   "TxLatencies": [
    169,
    201,
    282,
    325,
    365,
    781,
    804,
    1164,
    1494,
    2405,
    2406,
    2484,
    2502,
    2576,
    2631,
    2796,
    3093,
    4453,
    4903,
    5040,
    5141,
    5276,
    6319
   ],
   "AverageLatency": 2504.782608695652,
   "MedianLatency": 2484,
   "Throughput": 0.6216216216216216,
   "ThroughputSeconds": [
    0,
    0,
    0,
    0,
    0,
    0,
    0,
    0,
    1,
    1,
    2,
    1,
    0,
    1,
    2,
    1,
    1,
    2,
    1,
    0,
    2,
    0,
    1,
    2,
    1,
    1,
    1,
    0,
    1,
    0,
    0,
    0,
    1,
    0,
    0,
    0,
    0
   ],
   "Success": 23,
   "Fail": 227
  }
 ],
 "MinLatency": 169,
 "AverageLatency": 2506.94535840188,
 "MaxLatency": 7285,
 "MedianLatency": 2506.94535840188,
 "AllTxLatencies": [
  970,
  247,
  4732,
  1101,
  1097,
  5276,
  2211,
  278,
  2510,
  4368,
  1177,
  2855,
  4689,
  4629,
  4799,
  905,
  545,
  3169,
  911,
  1087,
  2736,
  5121,
  2216,
  2197,
  943,
  1592,
  2396,
  976,
  447,
  7285,
  1330,
  4941,
  4674,
  4988,
  2964,
  204,
  271,
  2502,
  5040,
  365,
  282,
  1494,
  2405,
  2796,
  2406,
  5141,
  201,
  169,
  3093,
  2484,
  325,
  4903,
  2576,
  5276,
  1164,
  4453,
  804,
  781,
  6319,
  2631
 ],
 "TotalThroughputOverTime": [
  0,
  0,
  0,
  0,
  0,
  0,
  1,
  1,
  2,
  3,
  2,
  3,
  2,
  2,
  2,
  3,
  2,
  3,
  3,
  1,
  3,
  3,
  1,
  3,
  3,
  3,
  3,
  2,
  3,
  1,
  3,
  0,
  1,
  0,
  1,
  0,
  0
 ],
 "AverageThroughputSecondaries": [
  1,
  0.6216216216216216
 ],
 "TotalThrouhgputPerSecondaryPerWindow": [
  [
   0,
   0,
   0,
   0,
   0,
   0,
   1,
   1,
   1,
   2,
   0,
   2,
   2,
   1,
   0,
   2,
   1,
   1,
   2,
   1,
   1,
   3,
   0,
   1,
   2,
   2,
   2,
   2,
   2,
   1,
   3,
   0,
   0,
   0,
   1,
   0,
   0
  ],
  [
   0,
   0,
   0,
   0,
   0,
   0,
   0,
   0,
   1,
   1,
   2,
   1,
   0,
   1,
   2,
   1,
   1,
   2,
   1,
   0,
   2,
   0,
   1,
   2,
   1,
   1,
   1,
   0,
   1,
   0,
   0,
   0,
   1,
   0,
   0,
   0,
   0
  ]
 ],
 "MaximumThroughput": 3,
 "MinimumThroughput": 0,
 "AverageThroughput": 1.6216216216216215,
 "TotalSuccess": 60,
 "TotalFails": 440
}